,Gene.refGene,avsnp147,SIFT_score,SIFT_pred,ExonicFunc.refGene,Chr,Start,End,Ref,Alt,LRT_score,LRT_pred
1,PRDM2,rs1046331,0,D,nonsynonymous SNV,1,14143003,14143003,A,G,.,.
2,IL23R,rs11209026,0,D,nonsynonymous SNV,1,67705958,67705958,G,A,0,D
3,WNT2B,rs773753315,0,D,nonsynonymous SNV,1,113059035,113059035,G,A,0,D
4,APOB,rs676210,0,D,nonsynonymous SNV,2,21231524,21231524,G,A,0,D
5,TET3,rs61741171,0,D,nonsynonymous SNV,2,74274329,74274329,C,T,.,.
6,TCF7,rs30489,0,D,nonsynonymous SNV,5,133481467,133481467,G,A,.,.
7,TRAF3IP2,rs33980500,0,D,nonsynonymous SNV,6,111913262,111913262,C,T,0,D
8,EPHB4,rs142798266,0,D,nonsynonymous SNV,7,100410515,100410515,G,A,0,D
9,WNT2,rs761310626,0,D,nonsynonymous SNV,7,116960680,116960680,C,T,0,D
10,KMT2C,rs28522267,0,D,nonsynonymous SNV,7,151927021,151927021,C,A,0,U
11,WNK2,rs765557331,0,D,nonsynonymous SNV,9,95993180,95993180,C,T,0,D
12,CCDC6,rs1053266,0,D,nonsynonymous SNV,10,61552692,61552692,G,T,0.03,N
13,HTR2A,rs6312,0,D,nonsynonymous SNV,13,47470824,47470824,C,T,.,.
14,PAX9,rs752908209,0,D,nonsynonymous SNV,14,37132411,37132411,G,A,0,D
15,BUB1B-PAK6;PAK6,rs576083093,0,D,nonsynonymous SNV,15,40558166,40558166,C,T,0,D
16,KDM6B,rs775753332,0,D,nonsynonymous SNV,17,7750532,7750532,G,C,0.208,N
17,MAP2K3,rs74575904,0,D,nonsynonymous SNV,17,21207813,21207813,T,G,0,D
18,MAP2K3,rs58609466,0,D,nonsynonymous SNV,17,21207834,21207834,C,T,0,D
19,RNF213,rs61745599,0,D,nonsynonymous SNV,17,78355494,78355494,C,G,0,D
20,DSG2,rs191143292,0,D,nonsynonymous SNV,18,29101156,29101156,T,G,0.003,U
21,CARD8,rs2043211,0,D,stopgain,19,48737706,48737706,A,T,.,.
22,POLD1,rs145473716,0,D,nonsynonymous SNV,19,50917023,50917023,G,A,0,D
23,CRLF2,rs151218732,0,D,nonsynonymous SNV,X,1314931,1314931,C,T,0.076,U
24,ATRX,rs781810958,0,D,nonsynonymous SNV,X,76918967,76918967,G,A,0,U
