,Gene.refGene,avsnp147,ExonicFunc.refGene,Chr,Start,End,Ref,Alt
1,DVL1,rs307362,synonymous SNV,1,1277533,1277533,T,C
2,CDK11B,rs1137001,synonymous SNV,1,1577180,1577180,C,T
3,CDK11A,rs874516,synonymous SNV,1,1635004,1635004,T,C
4,CDK11A,rs55880629,synonymous SNV,1,1635749,1635749,C,A
5,CDK11A,rs1059822,synonymous SNV,1,1636044,1636044,G,A
6,CDK11A;CDK11B,rs72901775,synonymous SNV,1,1647814,1647814,T,C
7,CDK11A;CDK11B,rs72909014,synonymous SNV,1,1647871,1647871,T,C
8,CDK11A;CDK11B,rs1137005,synonymous SNV,1,1650807,1650807,T,C
9,PRDM16,rs2282198,synonymous SNV,1,3301721,3301721,C,T
10,CHD5,rs2250358,synonymous SNV,1,6196869,6196869,A,G
11,CHD5,rs12565328,synonymous SNV,1,6209363,6209363,T,C
12,CHD5,rs9434711,synonymous SNV,1,6211183,6211183,G,A
13,CAMTA1,rs3737906,synonymous SNV,1,7723588,7723588,C,T
14,CAMTA1,rs12128526,synonymous SNV,1,7723957,7723957,G,A
15,MTOR,rs11121691,synonymous SNV,1,11181327,11181327,C,T
16,MTOR,rs2275527,synonymous SNV,1,11190646,11190646,G,A
17,MTOR,rs1057079,synonymous SNV,1,11205058,11205058,C,T
18,MTOR,rs768482575,synonymous SNV,1,11259386,11259386,G,A
19,MTOR,rs1064261,synonymous SNV,1,11288758,11288758,G,A
20,MTOR,rs1135172,synonymous SNV,1,11301714,11301714,A,G
21,PRDM2,.,synonymous SNV,1,14107209,14107209,T,C
22,PRDM2,rs116517080,synonymous SNV,1,14107932,14107932,C,T
23,EPHA2,rs2230597,synonymous SNV,1,16464673,16464673,G,A
24,EPHA2,rs139064351,synonymous SNV,1,16475189,16475189,G,A
25,SDHB,rs2746462,synonymous SNV,1,17380497,17380497,G,T
26,PAX7,rs2743201,synonymous SNV,1,19027239,19027239,A,G
27,EPHA8,rs209696,synonymous SNV,1,22919904,22919904,C,T
28,EPHB2,rs309472,synonymous SNV,1,23219493,23219493,T,C
29,KDM1A,.,synonymous SNV,1,23397837,23397837,G,A
30,IL22RA1,rs17852649,synonymous SNV,1,24460797,24460797,T,G
31,CSF3R,rs3917981,synonymous SNV,1,36937059,36937059,A,G
32,CSF3R,rs3917980,synonymous SNV,1,36937065,36937065,A,G
33,ZC3H12A,rs41267299,synonymous SNV,1,37948912,37948912,C,T
34,TIE1,rs3120276,synonymous SNV,1,43779564,43779564,T,C
35,PTPRF,rs149446507,synonymous SNV,1,44071037,44071037,G,A
36,MAST2,rs925524,synonymous SNV,1,46496709,46496709,A,G
37,MAST2,rs1622208,synonymous SNV,1,46498375,46498375,A,G
38,LOC110117498-PIK3R3;PIK3R3,rs785468,synonymous SNV,1,46521517,46521517,G,A
39,TAL1,rs927462,synonymous SNV,1,47685455,47685455,T,C
40,TAL1,rs780759540,synonymous SNV,1,47685575,47685575,T,C
41,PCSK9,rs28385701,synonymous SNV,1,55505651,55505651,C,T
42,PCSK9,rs509504,synonymous SNV,1,55523033,55523033,A,G
43,PCSK9,rs540796,synonymous SNV,1,55524197,55524197,A,G
44,ROR1,rs1772626,synonymous SNV,1,64515379,64515379,C,T
45,ROR1,rs2762833,synonymous SNV,1,64608329,64608329,G,T
46,ROR1,rs6668545,synonymous SNV,1,64624842,64624842,A,G
47,JAK1,rs2230588,synonymous SNV,1,65310489,65310489,T,C
48,IL12RB2,rs1495963,synonymous SNV,1,67795319,67795319,T,C
49,IL12RB2,rs2229546,synonymous SNV,1,67861520,67861520,C,A
50,MSH4,rs5745449,synonymous SNV,1,76344711,76344711,A,T
51,ADGRL2,rs11163397,synonymous SNV,1,82421596,82421596,C,T
52,RBMXL1,rs77567101,synonymous SNV,1,89449399,89449399,T,C
53,GFI1,rs11164605,synonymous SNV,1,92946479,92946479,G,A
54,CDC14A,rs2270694,synonymous SNV,1,100949860,100949860,G,A
55,VAV3,rs6583048,synonymous SNV,1,108313258,108313258,C,T
56,CSF1,rs333970,synonymous SNV,1,110466338,110466338,C,A
57,CSF1,rs2229166,synonymous SNV,1,110466810,110466810,C,A
58,RBM15,rs814771,synonymous SNV,1,110882444,110882444,A,G
59,RBM15,rs3738752,synonymous SNV,1,110883569,110883569,A,T
60,WNT2B,rs910697,synonymous SNV,1,113063125,113063125,A,G
61,HSD3B1,rs6203,synonymous SNV,1,120057158,120057158,C,T
62,PHGDH,rs543703,synonymous SNV,1,120285546,120285546,G,A
63,NOTCH2,rs782348587,synonymous SNV,1,120510195,120510195,G,A
64,NOTCH2,rs4021006,synonymous SNV,1,120612006,120612006,G,A
65,SRGAP2B;SRGAP2C,rs201138873,synonymous SNV,1,121115981,121115981,C,T
66,NOTCH2NLA;NOTCH2NLB;NOTCH2NLC,rs10910778,synonymous SNV,1,145273302,145273302,A,G
67,NOTCH2NLA;NOTCH2NLB;NOTCH2NLC,rs1132928,synonymous SNV,1,145273431,145273431,A,G
68,CHD1L,rs1890042,synonymous SNV,1,146714392,146714392,G,C
69,CHD1L,rs7547279,synonymous SNV,1,146751782,146751782,A,C
70,BCL9,.,synonymous SNV,1,147084715,147084715,T,C
71,ARNT,rs2228099,synonymous SNV,1,150808889,150808889,C,G
72,PSMD4,rs7489,synonymous SNV,1,151239051,151239051,T,C
73,PSMB4,rs7172,synonymous SNV,1,151372138,151372138,G,A
74,FLG,rs12742178,synonymous SNV,1,152276598,152276598,G,A
75,FLG,rs3126066,synonymous SNV,1,152276871,152276871,A,G
76,FLG,rs3126067,synonymous SNV,1,152276889,152276889,A,G
77,FLG,rs3091276,synonymous SNV,1,152277168,152277168,A,G
78,FLG,rs2065956,synonymous SNV,1,152277345,152277345,C,T
79,FLG,rs6681433,synonymous SNV,1,152277396,152277396,T,C
80,FLG,rs9436066,synonymous SNV,1,152277717,152277717,C,A
81,FLG,rs57672167,synonymous SNV,1,152278689,152278689,C,A
82,FLG,rs57670307,synonymous SNV,1,152279019,152279019,G,A
83,FLG,rs71625199,synonymous SNV,1,152279964,152279964,C,T
84,FLG,rs2338554,synonymous SNV,1,152280759,152280759,A,G
85,FLG,rs2184954,synonymous SNV,1,152280864,152280864,A,G
86,FLG,rs760770197,synonymous SNV,1,152280972,152280972,T,C
87,FLG,rs80353812,synonymous SNV,1,152281290,152281290,A,G
88,FLG,rs12732920,synonymous SNV,1,152282952,152282952,A,G
89,FLG,rs66831674,synonymous SNV,1,152283975,152283975,A,G
90,FLG,rs3120653,synonymous SNV,1,152284854,152284854,A,G
91,FLG,rs139754714,synonymous SNV,1,152286204,152286204,G,T
92,CREB3L4,rs45600231,synonymous SNV,1,153941567,153941567,C,G
93,IL6R,rs528464156,synonymous SNV,1,154378156,154378156,A,G
94,ZBTB7B,rs11264295,synonymous SNV,1,154987526,154987526,C,T
95,ZBTB7B,rs2242195,synonymous SNV,1,154988957,154988957,A,G
96,IQGAP3,rs1171566,synonymous SNV,1,156499969,156499969,T,C
97,IQGAP3,rs1171547,synonymous SNV,1,156532977,156532977,T,C
98,IQGAP3,rs2066377,synonymous SNV,1,156536221,156536221,G,C
99,IQGAP3,rs947662,synonymous SNV,1,156536251,156536251,T,C
100,HDGF,rs4437869,synonymous SNV,1,156713512,156713512,C,T
101,NTRK1,rs6337,synonymous SNV,1,156848995,156848995,C,T
102,ETV3L,rs1176537,synonymous SNV,1,157062696,157062696,G,T
103,DDR2,rs374094270,synonymous SNV,1,162724999,162724999,G,A
104,ABL2,rs774330058,synonymous SNV,1,179078173,179078173,A,C
105,CACNA1S,rs7415038,synonymous SNV,1,201038687,201038687,A,G
106,CACNA1S,rs4915477,synonymous SNV,1,201047075,201047075,A,G
107,CACNA1S,rs9427714,synonymous SNV,1,201047111,201047111,A,G
108,CACNA1S,rs61734621,synonymous SNV,1,201058428,201058428,G,A
109,CACNA1S,rs2296383,synonymous SNV,1,201060865,201060865,G,A
110,TNNT2,rs3729547,synonymous SNV,1,201334382,201334382,G,A
111,ELF3,rs11543979,synonymous SNV,1,201981218,201981218,C,G
112,ELF3,rs2819362,synonymous SNV,1,201981862,201981862,T,C
113,LGR6,rs896551,synonymous SNV,1,202276494,202276494,C,T
114,LGR6,rs788794,synonymous SNV,1,202287537,202287537,G,A
115,LGR6,rs788793,synonymous SNV,1,202287813,202287813,T,C
116,KDM5B,rs1141109,synonymous SNV,1,202705455,202705455,G,C
117,KDM5B,rs1141108,synonymous SNV,1,202715284,202715284,G,A
118,KDM5B,rs1892164,synonymous SNV,1,202718202,202718202,G,A
119,KDM5B,rs3196669,synonymous SNV,1,202733238,202733238,C,T
120,PIK3C2B,rs1124777,synonymous SNV,1,204438334,204438334,C,T
121,PIK3C2B,rs1553921,synonymous SNV,1,204438643,204438643,G,T
122,CDK18,rs7529442,synonymous SNV,1,205492756,205492756,A,G
123,IKBKE,rs1539242,synonymous SNV,1,206647742,206647742,A,G
124,IKBKE,rs1539243,synonymous SNV,1,206647787,206647787,T,C
125,MAPKAPK2,rs4073250,synonymous SNV,1,206905043,206905043,C,T
126,TRAF3IP3,rs2076150,synonymous SNV,1,209933540,209933540,A,G
127,TRAF3IP3,rs17015169,synonymous SNV,1,209936914,209936914,C,T
128,NEK2,rs701929,synonymous SNV,1,211846876,211846876,A,G
129,NENF,rs4804,synonymous SNV,1,212619339,212619339,T,C
130,EPHX1,rs1131873,synonymous SNV,1,226019653,226019653,G,A
131,PARP1,rs138576809,synonymous SNV,1,226570750,226570750,G,C
132,PARP1,rs1805415,synonymous SNV,1,226570840,226570840,T,C
133,ITPKB,rs708775,synonymous SNV,1,226923264,226923264,G,A
134,PSEN2,rs11405,synonymous SNV,1,227069677,227069677,T,C
135,PSEN2,rs6759,synonymous SNV,1,227069737,227069737,C,T
136,PSEN2,rs1046240,synonymous SNV,1,227071525,227071525,C,T
137,MAP3K21,rs1402815,synonymous SNV,1,233515413,233515413,G,A
138,RYR2,rs3765097,synonymous SNV,1,237617757,237617757,C,T
139,RYR2,rs2253273,synonymous SNV,1,237711797,237711797,A,G
140,RYR2,.,synonymous SNV,1,237801686,237801686,G,A
141,RYR2,rs707189,synonymous SNV,1,237801770,237801770,T,C
142,RYR2,rs2797436,synonymous SNV,1,237863718,237863718,T,G
143,RYR2,rs2797441,synonymous SNV,1,237881770,237881770,C,T
144,RYR2,rs2685301,synonymous SNV,1,237890437,237890437,C,T
145,SMYD3,rs2362587,synonymous SNV,1,246021941,246021941,T,C
146,ADAM17,rs1048610,synonymous SNV,2,9634856,9634856,A,G
147,ROCK2,rs55932113,synonymous SNV,2,11351865,11351865,T,C
148,ROCK2,rs41264193,synonymous SNV,2,11389907,11389907,C,T
149,ROCK2,rs56070302,synonymous SNV,2,11426734,11426734,T,C
150,DDX1,rs10929378,synonymous SNV,2,15747393,15747393,C,T
151,NCOA1,rs11125744,synonymous SNV,2,24905927,24905927,G,C
152,NCOA1,rs11125763,synonymous SNV,2,24974945,24974945,T,G
153,DNMT3A,rs41284843,synonymous SNV,2,25536827,25536827,G,A
154,HADHB,rs1056389,synonymous SNV,2,26502875,26502875,T,C
155,ALK,rs2256740,synonymous SNV,2,29455267,29455267,A,G
156,ALK,rs2293564,synonymous SNV,2,29543663,29543663,T,C
157,ALK,rs2246745,synonymous SNV,2,29940529,29940529,A,T
158,ALK,rs4358080,synonymous SNV,2,30143499,30143499,G,C
159,CEBPZ,rs1137437,synonymous SNV,2,37438993,37438993,G,A
160,MAP4K3,rs3755176,synonymous SNV,2,39507417,39507417,T,A
161,MAP4K3,rs8545,synonymous SNV,2,39583446,39583446,A,G
162,MSH6,rs1042820,synonymous SNV,2,48010558,48010558,C,A
163,MSH6,rs1800932,synonymous SNV,2,48018081,48018081,A,G
164,MSH6,rs1800935,synonymous SNV,2,48023115,48023115,T,C
165,LHCGR,rs11125179,synonymous SNV,2,48915871,48915871,A,G
166,FANCL,rs848291,synonymous SNV,2,58388696,58388696,A,G
167,BCL11A,.,synonymous SNV,2,60687905,60687905,G,A
168,SPRED2,rs8827,synonymous SNV,2,65540905,65540905,C,G
169,TET3,rs7560668,synonymous SNV,2,74300717,74300717,T,C
170,CTNNA2,rs61291641,synonymous SNV,2,80101321,80101321,T,G
171,TCF7L1,.,synonymous SNV,2,85529720,85529720,A,C
172,GGCX,rs1254896,synonymous SNV,2,85781318,85781318,T,G
173,GGCX,.,synonymous SNV,2,85783367,85783367,G,A
174,KDM3A,rs12714187,synonymous SNV,2,86691250,86691250,G,A
175,SMYD1,rs1542088,synonymous SNV,2,88387403,88387403,C,A
176,SMYD1,rs2919881,synonymous SNV,2,88396174,88396174,T,C
177,TMEM127,rs3852673,synonymous SNV,2,96919642,96919642,C,T
178,ZAP70,rs3192177,synonymous SNV,2,98354511,98354511,G,A
179,IL18R1,rs1035130,synonymous SNV,2,103001402,103001402,C,T
180,BCL2L11,rs112446582,synonymous SNV,2,111881361,111881361,C,T
181,MERTK,.,synonymous SNV,2,112751935,112751935,A,G
182,MERTK,rs1131244,synonymous SNV,2,112765973,112765973,A,G
183,GLI2,rs2592595,synonymous SNV,2,121726447,121726447,G,A
184,MAP3K2,rs3732209,synonymous SNV,2,128079806,128079806,A,G
185,LRP1B,rs4954672,synonymous SNV,2,141274576,141274576,T,C
186,LRP1B,rs3749010,synonymous SNV,2,141571329,141571329,T,C
187,LRP1B,rs13007735,synonymous SNV,2,141751592,141751592,G,A
188,LRP1B,rs1525579,synonymous SNV,2,141816621,141816621,A,G
189,ACVR2A,rs764333629,synonymous SNV,2,148602766,148602766,C,T
190,ACVR1,.,synonymous SNV,2,158594142,158594142,G,A
191,ACVR1,rs1146031,synonymous SNV,2,158626980,158626980,C,T
192,ACVR1,rs2227861,synonymous SNV,2,158636910,158636910,G,A
193,ABCB11,rs497692,synonymous SNV,2,169789016,169789016,T,C
194,HOXD3,rs1051929,synonymous SNV,2,177036754,177036754,T,C
195,STAT1,rs2066802,synonymous SNV,2,191874667,191874667,A,G
196,SF3B1,rs4685,synonymous SNV,2,198257795,198257795,T,C
197,SF3B1,rs788018,synonymous SNV,2,198265526,198265526,A,G
198,SF3B1,rs788023,synonymous SNV,2,198283305,198283305,T,C
199,SGO2,rs12052989,synonymous SNV,2,201437334,201437334,T,C
200,ERBB4,rs3748962,synonymous SNV,2,212251864,212251864,T,C
201,IKZF2,.,synonymous SNV,2,213872636,213872636,T,C
202,IKZF2,.,synonymous SNV,2,213872651,213872651,C,T
203,BARD1,rs2070093,synonymous SNV,2,215632256,215632256,A,G
204,BARD1,rs2070096,synonymous SNV,2,215645545,215645545,C,G
205,IHH,rs394452,synonymous SNV,2,219920037,219920037,A,G
206,IHH,rs3731881,synonymous SNV,2,219920412,219920412,A,G
207,PAX3,rs12623857,synonymous SNV,2,223161889,223161889,A,G
208,IRS1,rs766635973,synonymous SNV,2,227659840,227659840,T,G
209,IRS1,rs765518355,synonymous SNV,2,227659846,227659846,T,G
210,SP140,rs774600371,synonymous SNV,2,231175946,231175946,T,C
211,SP100,rs1050224,synonymous SNV,2,231331896,231331896,G,A
212,ITM2C,rs2289234,synonymous SNV,2,231738263,231738263,C,T
213,ITM2C,rs2289233,synonymous SNV,2,231738269,231738269,G,A
214,UGT1A4,rs2011404,synonymous SNV,2,234627937,234627937,T,C
215,TRAF3IP1,rs13398676,synonymous SNV,2,239229372,239229372,C,A
216,HDAC4,rs1063639,synonymous SNV,2,240003870,240003870,G,A
217,HDAC4,rs35291459,synonymous SNV,2,240055966,240055966,C,T
218,PDCD1,rs2227981,synonymous SNV,2,242793273,242793273,A,G
219,SETD5,rs17747739,synonymous SNV,3,9517577,9517577,C,T
220,BRPF1,.,synonymous SNV,3,9785356,9785356,G,T
221,IL17RC,rs279548,synonymous SNV,3,9970158,9970158,C,T
222,IL17RC,rs183956,synonymous SNV,3,9975247,9975247,C,G
223,FANCD2,rs112887807,synonymous SNV,3,10088299,10088299,C,T
224,FANCD2,rs72492998,synonymous SNV,3,10088308,10088308,T,C
225,FANCD2,rs12330369,synonymous SNV,3,10089723,10089723,G,A
226,XPC,rs2227998,synonymous SNV,3,14193889,14193889,C,T
227,XPC,rs2958057,synonymous SNV,3,14197987,14197987,A,T
228,KAT2B,rs3021408,synonymous SNV,3,20113830,20113830,G,A
229,SGO1,rs61729306,synonymous SNV,3,20216519,20216519,T,A
230,NEK10,rs3213930,synonymous SNV,3,27297816,27297816,G,C
231,NEK10,rs11129280,synonymous SNV,3,27326097,27326097,G,T
232,NEK10,rs10510594,synonymous SNV,3,27326451,27326451,A,G
233,ACVR2B,rs2070489,synonymous SNV,3,38519424,38519424,A,G
234,ACVR2B,rs1046048,synonymous SNV,3,38524742,38524742,C,T
235,SCN5A,rs1805126,synonymous SNV,3,38592406,38592406,A,G
236,SCN5A,rs7430407,synonymous SNV,3,38622467,38622467,T,C
237,SCN5A,rs6599230,synonymous SNV,3,38674712,38674712,T,C
238,MAP4,rs142463147,synonymous SNV,3,47957769,47957769,C,T
239,MAP4,rs780892984,synonymous SNV,3,48019365,48019365,G,A
240,MST1,rs9713630,synonymous SNV,3,49723144,49723144,C,T
241,MST1,rs9713651,synonymous SNV,3,49723784,49723784,C,A
242,MST1,.,synonymous SNV,3,49724661,49724661,G,A
243,MST1,rs3020779,synonymous SNV,3,49724808,49724808,T,C
244,TLR9,rs352140,synonymous SNV,3,52256697,52256697,C,T
245,PBRM1,rs17052357,synonymous SNV,3,52668638,52668638,G,A
246,PBRM1,rs34173244,synonymous SNV,3,52668776,52668776,A,G
247,TKT,rs1131728,synonymous SNV,3,53264485,53264485,A,G
248,IL17RB,rs1025689,synonymous SNV,3,53883722,53883722,C,G
249,PTPRG,rs1352882,synonymous SNV,3,62229553,62229553,C,T
250,ROBO2,.,synonymous SNV,3,77657037,77657037,T,C
251,CADM2,.,synonymous SNV,3,85961587,85961587,C,T
252,EPHA3,rs1054750,synonymous SNV,3,89521725,89521725,T,C
253,TFG,rs11353,synonymous SNV,3,100467018,100467018,T,C
254,NFKBIZ,rs14134,synonymous SNV,3,101576175,101576175,T,C
255,CBLB,rs11713094,synonymous SNV,3,105389153,105389153,A,G
256,CBLB,rs2305037,synonymous SNV,3,105422844,105422844,C,T
257,CBLB,rs2305036,synonymous SNV,3,105438957,105438957,T,G
258,CBLB,rs2305035,synonymous SNV,3,105439026,105439026,G,A
259,SLC15A2,rs2293616,synonymous SNV,3,121641693,121641693,G,A
260,SLC15A2,rs1143670,synonymous SNV,3,121646641,121646641,A,G
261,SLC15A2,rs144786366,synonymous SNV,3,121647396,121647396,C,T
262,MYLK,rs820463,synonymous SNV,3,123357037,123357037,A,G
263,MYLK,rs1254392,synonymous SNV,3,123368013,123368013,A,G
264,MYLK,rs40305,synonymous SNV,3,123411589,123411589,G,A
265,MYLK,rs865358,synonymous SNV,3,123418913,123418913,G,A
266,MYLK,rs4678047,synonymous SNV,3,123452838,123452838,G,A
267,RUVBL1,rs146692163,synonymous SNV,3,127819552,127819552,G,A
268,GATA2,rs34172218,synonymous SNV,3,128200072,128200072,C,T
269,GATA2,rs1573858,synonymous SNV,3,128205860,128205860,G,C
270,RPN1,rs1697,synonymous SNV,3,128356852,128356852,C,T
271,EPHB1,rs7644369,synonymous SNV,3,134670524,134670524,C,T
272,STAG1,rs9860801,synonymous SNV,3,136088038,136088038,G,A
273,STAG1,rs34807246,synonymous SNV,3,136170901,136170901,G,A
274,NCK1,rs61731511,synonymous SNV,3,136664807,136664807,A,T
275,ATR,rs1802904,synonymous SNV,3,142168331,142168331,C,T
276,ATR,rs2227932,synonymous SNV,3,142217537,142217537,A,G
277,HLTF,rs812249,synonymous SNV,3,148786108,148786108,C,T
278,CCNL1,rs9814142,synonymous SNV,3,156877707,156877707,A,T
279,MLF1,rs4875,synonymous SNV,3,158320597,158320597,T,C
280,DVL3,.,synonymous SNV,3,183888429,183888429,A,C
281,THPO,rs956732,synonymous SNV,3,184094183,184094183,A,G
282,EPHB3,rs13069661,synonymous SNV,3,184289152,184289152,A,G
283,EPHB3,rs112247281,synonymous SNV,3,184290726,184290726,C,T
284,BCL6,rs1056932,synonymous SNV,3,187447032,187447032,G,A
285,LPP,rs1059380,synonymous SNV,3,188327461,188327461,C,T
286,LPP,rs1136644,synonymous SNV,3,188590446,188590446,A,G
287,TNK2,rs3747669,synonymous SNV,3,195615376,195615376,A,G
288,FGFR3,rs190111780,synonymous SNV,4,1806604,1806604,C,T
289,FGFR3,rs7688609,synonymous SNV,4,1807894,1807894,G,A
290,GRK4,rs2515941,synonymous SNV,4,2993980,2993980,T,C
291,GRK4,.,synonymous SNV,4,3015540,3015540,G,A
292,NKX3-2,rs9684692,synonymous SNV,4,13545792,13545792,G,T
293,SLIT2,rs7690492,synonymous SNV,4,20544184,20544184,C,T
294,TLR10,rs10776482,synonymous SNV,4,38774785,38774785,A,G
295,TLR10,rs10776483,synonymous SNV,4,38775040,38775040,A,G
296,TLR10,rs11096956,synonymous SNV,4,38776180,38776180,C,A
297,TLR1,rs5743614,synonymous SNV,4,38798935,38798935,C,T
298,RPL9,rs2125313,synonymous SNV,4,39458051,39458051,A,G
299,PDS5A,rs28449663,synonymous SNV,4,39921942,39921942,A,G
300,TXK,rs2230594,synonymous SNV,4,48069696,48069696,G,C
301,TEC,rs17574371,synonymous SNV,4,48147309,48147309,T,C
302,PDGFRA,rs1873778,synonymous SNV,4,55141055,55141055,A,G
303,PDGFRA,rs7685117,synonymous SNV,4,55161391,55161391,T,C
304,KIT,rs3733542,synonymous SNV,4,55602765,55602765,G,C
305,ADGRL3,rs10434219,synonymous SNV,4,62598689,62598689,C,T
306,ADGRL3,rs734644,synonymous SNV,4,62800728,62800728,T,C
307,ADGRL3,rs1397547,synonymous SNV,4,62845388,62845388,G,C
308,ADGRL3,rs1397548,synonymous SNV,4,62845490,62845490,A,G
309,EPHA5,rs7349683,synonymous SNV,4,66197804,66197804,C,T
310,EREG,rs2367707,synonymous SNV,4,75248434,75248434,A,G
311,PRDM8,rs774464829,synonymous SNV,4,81123237,81123237,C,T
312,PRDM8,rs142234659,synonymous SNV,4,81123378,81123378,C,T
313,AFF1,.,synonymous SNV,4,88035728,88035728,A,C
314,ABCG2,rs140886986,synonymous SNV,4,89036116,89036116,G,A
315,NFKB1,rs1609993,synonymous SNV,4,103514658,103514658,T,C
316,CENPE,rs2251634,synonymous SNV,4,104082349,104082349,C,T
317,CENPE,rs17217250,synonymous SNV,4,104102563,104102563,T,C
318,CENPE,rs2290943,synonymous SNV,4,104117191,104117191,A,G
319,PRDM5,rs343192,synonymous SNV,4,121738049,121738049,T,C
320,FAT4,rs72928772,synonymous SNV,4,126237971,126237971,C,T
321,FAT4,rs2940779,synonymous SNV,4,126240510,126240510,T,C
322,FAT4,rs7657251,synonymous SNV,4,126241253,126241253,G,C
323,FAT4,rs2710555,synonymous SNV,4,126241871,126241871,C,T
324,FAT4,rs958415,synonymous SNV,4,126329789,126329789,T,C
325,FAT4,rs988863,synonymous SNV,4,126369872,126369872,G,C
326,FAT4,rs1014866,synonymous SNV,4,126412575,126412575,A,G
327,PLK4,.,synonymous SNV,4,128811379,128811379,C,A
328,PLK4,rs41278099,synonymous SNV,4,128819618,128819618,A,G
329,ELF2,rs766833918,synonymous SNV,4,139993027,139993027,C,T
330,MAML3,rs11100342,synonymous SNV,4,140810637,140810637,C,T
331,MAML3,rs11729794,synonymous SNV,4,140810700,140810700,C,T
332,MAML3,rs772964086,synonymous SNV,4,140811114,140811114,C,T
333,MAML3,rs62344938,synonymous SNV,4,140811117,140811117,C,T
334,MAML3,rs3733382,synonymous SNV,4,140811135,140811135,T,C
335,INPP4B,rs34561493,synonymous SNV,4,143043397,143043397,G,A
336,SMARCA5,rs13139128,synonymous SNV,4,144467104,144467104,T,C
337,NR3C2,rs748615309,synonymous SNV,4,149075976,149075976,T,G
338,NR3C2,rs5525,synonymous SNV,4,149356516,149356516,A,G
339,TLR2,rs3804099,synonymous SNV,4,154624656,154624656,T,C
340,TLR2,rs5743700,synonymous SNV,4,154625682,154625682,C,T
341,PDGFC,rs3815861,synonymous SNV,4,157684248,157684248,T,C
342,MARCHF1,rs13130399,synonymous SNV,4,164466824,164466824,C,T
343,FAT1,.,synonymous SNV,4,187509857,187509857,G,A
344,FAT1,rs1298865,synonymous SNV,4,187516880,187516880,A,G
345,FAT1,rs2249916,synonymous SNV,4,187534363,187534363,G,A
346,FAT1,rs2249917,synonymous SNV,4,187534375,187534375,A,G
347,FAT1,rs1280099,synonymous SNV,4,187538330,187538330,G,A
348,FAT1,rs458021,synonymous SNV,4,187629497,187629497,G,A
349,SDHA,.,synonymous SNV,5,226045,226045,T,C
350,SDHA,rs6555055,synonymous SNV,5,226160,226160,A,C
351,SDHA,rs2115272,synonymous SNV,5,228362,228362,T,C
352,SDHA,rs1126417,synonymous SNV,5,231111,231111,T,C
353,SDHA,rs1041949,synonymous SNV,5,233734,233734,C,G
354,SDHA,rs13070,synonymous SNV,5,251541,251541,A,G
355,SDHA,rs6961,synonymous SNV,5,256472,256472,G,A
356,TERT,rs33954691,synonymous SNV,5,1255520,1255520,G,A
357,SLC6A3,rs6349,synonymous SNV,5,1403073,1403073,G,A
358,CCT5,rs1042392,synonymous SNV,5,10256161,10256161,T,C
359,TRIO,rs13189406,synonymous SNV,5,14368975,14368975,C,T
360,TRIO,rs30774,synonymous SNV,5,14397238,14397238,T,C
361,TRIO,rs30612,synonymous SNV,5,14420027,14420027,A,C
362,TRIO,rs26107,synonymous SNV,5,14498727,14498727,G,A
363,PRDM9,rs113958470,synonymous SNV,5,23527777,23527777,C,T
364,NIPBL,rs61748200,synonymous SNV,5,37036492,37036492,C,T
365,RICTOR,rs2115949,synonymous SNV,5,38950776,38950776,G,A
366,CARD6,rs188934,synonymous SNV,5,40852451,40852451,C,G
367,GHR,rs6179,synonymous SNV,5,42700044,42700044,A,G
368,MAP3K1,rs28710284,synonymous SNV,5,56111751,56111751,G,C
369,MAP3K1,rs832575,synonymous SNV,5,56161787,56161787,G,A
370,MAP3K1,rs832583,synonymous SNV,5,56178217,56178217,A,C
371,PLK2,rs3211270,synonymous SNV,5,57755703,57755703,C,T
372,PIK3R1,rs706713,synonymous SNV,5,67522722,67522722,C,T
373,IQGAP2,rs1131232,synonymous SNV,5,75884734,75884734,G,A
374,IQGAP2,rs2431351,synonymous SNV,5,75923285,75923285,C,T
375,IQGAP2,rs2910819,synonymous SNV,5,75932869,75932869,C,T
376,IQGAP2,rs253093,synonymous SNV,5,75960865,75960865,T,C
377,MSH3,rs2405875,synonymous SNV,5,79950708,79950708,T,C
378,CHD1,rs161941,synonymous SNV,5,98199204,98199204,C,T
379,FER,rs2229085,synonymous SNV,5,108133967,108133967,A,G
380,APC,rs2229992,synonymous SNV,5,112162854,112162854,T,C
381,APC,rs2229994,synonymous SNV,5,112178492,112178492,C,T
382,DMXL1,.,synonymous SNV,5,118456797,118456797,C,T
383,DMXL1,rs7734532,synonymous SNV,5,118484804,118484804,G,A
384,DMXL1,rs76475084,synonymous SNV,5,118506807,118506807,A,G
385,WNT8A,rs6596422,synonymous SNV,5,137426447,137426447,G,A
386,BRD8,rs423258,synonymous SNV,5,137475787,137475787,C,T
387,KDM3B,rs4835678,synonymous SNV,5,137708434,137708434,C,T
388,KDM3B,rs17294563,synonymous SNV,5,137733891,137733891,A,G
389,KDM3B,rs7726234,synonymous SNV,5,137754695,137754695,T,C
390,KDM3B,rs61749634,synonymous SNV,5,137766066,137766066,G,A
391,EGR1,.,synonymous SNV,5,137802984,137802984,G,A
392,CTNNA1,rs1059110,synonymous SNV,5,138266546,138266546,G,A
393,HDAC3,rs2530223,synonymous SNV,5,141014494,141014494,T,C
394,ARHGAP26,rs2270068,synonymous SNV,5,142421415,142421415,T,G
395,ARHGAP26,rs258819,synonymous SNV,5,142593652,142593652,C,T
396,ADRB2,rs1042717,synonymous SNV,5,148206646,148206646,G,A
397,ADRB2,rs1042718,synonymous SNV,5,148206917,148206917,C,A
398,ADRB2,rs1042719,synonymous SNV,5,148207447,148207447,G,C
399,ADRB2,rs1042720,synonymous SNV,5,148207633,148207633,G,A
400,CSF1R,rs2228422,synonymous SNV,5,149457678,149457678,G,A
401,CSF1R,rs216123,synonymous SNV,5,149460553,149460553,A,G
402,PDGFRB,rs246388,synonymous SNV,5,149495395,149495395,T,C
403,PDGFRB,rs246395,synonymous SNV,5,149499672,149499672,T,C
404,PDGFRB,rs56072663,synonymous SNV,5,149504348,149504348,C,T
405,FAT2,rs7723266,synonymous SNV,5,150886725,150886725,G,A
406,FAT2,rs2304028,synonymous SNV,5,150891733,150891733,A,G
407,FAT2,rs3822699,synonymous SNV,5,150901111,150901111,A,G
408,FAT2,rs3734046,synonymous SNV,5,150901300,150901300,G,A
409,FAT2,rs1432643,synonymous SNV,5,150914184,150914184,A,T
410,FAT2,rs3797875,synonymous SNV,5,150925144,150925144,A,G
411,FAT2,rs2304054,synonymous SNV,5,150943085,150943085,G,A
412,FAT2,rs10085060,synonymous SNV,5,150945699,150945699,G,A
413,FAT2,rs3734057,synonymous SNV,5,150945862,150945862,A,G
414,FAT2,rs3734058,synonymous SNV,5,150945931,150945931,C,T
415,FAT2,rs3734059,synonymous SNV,5,150946132,150946132,G,A
416,FAT2,rs1465690,synonymous SNV,5,150946966,150946966,G,A
417,FAT2,rs3734060,synonymous SNV,5,150947719,150947719,C,T
418,FAT2,rs3734062,synonymous SNV,5,150948016,150948016,C,T
419,SPARC,rs2304052,synonymous SNV,5,151054227,151054227,T,C
420,TENM2,rs1363560,synonymous SNV,5,167645888,167645888,T,C
421,TENM2,rs3733988,synonymous SNV,5,167674370,167674370,C,T
422,DOCK2,rs2112703,synonymous SNV,5,169127097,169127097,C,A
423,DOCK2,rs2306559,synonymous SNV,5,169129422,169129422,A,G
424,DOCK2,rs261623,synonymous SNV,5,169267784,169267784,G,A
425,DOCK2,rs1045168,synonymous SNV,5,169504743,169504743,T,C
426,DRD1,rs155417,synonymous SNV,5,174868840,174868840,T,C
427,UIMC1,rs365132,synonymous SNV,5,176378574,176378574,G,T
428,UIMC1,rs1700490,synonymous SNV,5,176402401,176402401,G,A
429,FGFR4,rs446382,synonymous SNV,5,176517461,176517461,T,G
430,FGFR4,rs452885,synonymous SNV,5,176518784,176518784,C,T
431,NSD1,rs28932176,synonymous SNV,5,176637192,176637192,T,C
432,NSD1,rs28580074,synonymous SNV,5,176721198,176721198,T,C
433,NSD1,rs11740250,synonymous SNV,5,176721272,176721272,G,C
434,MAML1,rs3797776,synonymous SNV,5,179193598,179193598,C,T
435,SQSTM1,rs4935,synonymous SNV,5,179260153,179260153,C,T
436,SQSTM1,rs4797,synonymous SNV,5,179260213,179260213,G,A
437,FLT4,rs1130378,synonymous SNV,5,180043388,180043388,G,A
438,DUSP22,rs11242812,synonymous SNV,6,348906,348906,G,A
439,FOXQ1,rs4435985,synonymous SNV,6,1313470,1313470,C,T
440,RIPK1,rs2272990,synonymous SNV,6,3077141,3077141,T,C
441,RIPK1,rs55916999,synonymous SNV,6,3081224,3081224,G,A
442,DSP,rs2806234,synonymous SNV,6,7563983,7563983,T,G
443,DSP,rs2076304,synonymous SNV,6,7572262,7572262,A,G
444,DSP,rs1016835,synonymous SNV,6,7576527,7576527,G,A
445,DSP,rs2076300,synonymous SNV,6,7584617,7584617,C,T
446,DSP,rs2744380,synonymous SNV,6,7585967,7585967,G,C
447,MAK,rs126405,synonymous SNV,6,10764727,10764727,A,G
448,JARID2,rs2235258,synonymous SNV,6,15513482,15513482,G,A
449,TPMT,rs2842934,synonymous SNV,6,18139214,18139214,G,A
450,KDM1B,rs214585,synonymous SNV,6,18215303,18215303,T,C
451,HIST1H1E,rs534403852,synonymous SNV,6,26157059,26157059,C,T
452,HLA-A,rs1059506,synonymous SNV,6,29911149,29911149,C,T
453,HLA-A,rs1059514,synonymous SNV,6,29911190,29911190,G,A
454,HLA-A,rs14288,synonymous SNV,6,29913042,29913042,C,T
455,POU5F1,rs1061118,synonymous SNV,6,31132414,31132414,G,A
456,POU5F1,rs17851818,synonymous SNV,6,31132956,31132956,G,C
457,POU5F1,rs72856736,synonymous SNV,6,31133870,31133870,G,A
458,POU5F1,rs2077010,synonymous SNV,6,31138377,31138377,C,T
459,HLA-B,rs1140546,synonymous SNV,6,31322888,31322888,A,G
460,HLA-B,rs1130992,synonymous SNV,6,31322996,31322996,C,T
461,HLA-B,rs1050823,synonymous SNV,6,31323203,31323203,A,G
462,HLA-B,rs709052,synonymous SNV,6,31323233,31323233,A,G
463,HLA-B,rs2257269,synonymous SNV,6,31323353,31323353,G,A
464,HLA-B,rs2596493,synonymous SNV,6,31323945,31323945,A,C
465,HLA-B,rs1050564,synonymous SNV,6,31324562,31324562,C,T
466,HLA-B,rs1050517,synonymous SNV,6,31324643,31324643,G,C
467,HSPA1B,rs539689,synonymous SNV,6,31797587,31797587,C,G
468,EHMT2,rs535586,synonymous SNV,6,31860337,31860337,T,C
469,CYP21A2,rs6468,synonymous SNV,6,32006317,32006317,C,T
470,CYP21A2,rs6464,synonymous SNV,6,32006337,32006337,C,A
471,PBX2,rs169503,synonymous SNV,6,32157639,32157639,C,T
472,NOTCH4,rs1044506,synonymous SNV,6,32172065,32172065,T,G
473,NOTCH4,rs423023,synonymous SNV,6,32188297,32188297,G,C
474,NOTCH4,rs520803,synonymous SNV,6,32188603,32188603,C,T
475,NOTCH4,rs415929,synonymous SNV,6,32189032,32189032,T,C
476,NOTCH4,rs443198,synonymous SNV,6,32190406,32190406,A,G
477,BRD2,rs516535,synonymous SNV,6,32942302,32942302,G,A
478,BRD2,rs206781,synonymous SNV,6,32946133,32946133,T,C
479,DAXX,rs1059231,synonymous SNV,6,33288271,33288271,A,G
480,PPARD,rs2076167,synonymous SNV,6,35391787,35391787,C,T
481,FANCE,rs4713867,synonymous SNV,6,35423662,35423662,A,C
482,TFEB,rs2073158,synonymous SNV,6,41652514,41652514,C,T
483,TFEB,rs1062966,synonymous SNV,6,41652604,41652604,T,C
484,TFEB,rs2273068,synonymous SNV,6,41658566,41658566,C,T
485,TFEB,rs1015149,synonymous SNV,6,41658889,41658889,C,T
486,HSP90AB1,rs13296,synonymous SNV,6,44218120,44218120,A,G
487,PKHD1,rs12210295,synonymous SNV,6,51732807,51732807,C,T
488,PKHD1,rs4715271,synonymous SNV,6,51917968,51917968,T,G
489,PKHD1,rs1896976,synonymous SNV,6,51924774,51924774,A,G
490,PKHD1,rs6901799,synonymous SNV,6,51947257,51947257,G,A
491,KHDRBS2,rs1204114,synonymous SNV,6,62390916,62390916,T,C
492,ADGRB3,rs2296974,synonymous SNV,6,70064187,70064187,G,A
493,ADGRB3,rs913543,synonymous SNV,6,70071173,70071173,G,A
494,PHIP,rs1984195,synonymous SNV,6,79657391,79657391,G,A
495,PHIP,rs7742431,synonymous SNV,6,79679577,79679577,A,G
496,PNRC1,.,synonymous SNV,6,89790802,89790802,A,G
497,BACH2,rs3798789,synonymous SNV,6,90642358,90642358,G,A
498,BACH2,rs9451298,synonymous SNV,6,90660319,90660319,T,C
499,BACH2,rs2236181,synonymous SNV,6,90661576,90661576,T,C
500,EPHA7,rs345730,synonymous SNV,6,93967851,93967851,C,T
501,EPHA7,rs345713,synonymous SNV,6,93982124,93982124,A,G
502,EPHA7,rs164544,synonymous SNV,6,94067981,94067981,C,T
503,FOXO3,rs200866771,synonymous SNV,6,108985092,108985092,C,G
504,HDAC2,rs77438668,synonymous SNV,6,114267287,114267287,T,C
505,VGLL2,rs13194610,synonymous SNV,6,117591755,117591755,T,C
506,ROS1,rs552183,synonymous SNV,6,117631431,117631431,T,G
507,RSPO3,rs1892172,synonymous SNV,6,127476516,127476516,G,A
508,PTPRK,rs17828130,synonymous SNV,6,128403745,128403745,A,G
509,BCLAF1,rs62431285,synonymous SNV,6,136590613,136590613,T,C
510,BCLAF1,rs62431288,synonymous SNV,6,136590712,136590712,C,T
511,BCLAF1,rs7762367,synonymous SNV,6,136597004,136597004,A,G
512,BCLAF1,rs1967444,synonymous SNV,6,136597262,136597262,T,C
513,BCLAF1,rs6919254,synonymous SNV,6,136599404,136599404,T,C
514,BCLAF1,rs9942518,synonymous SNV,6,136599836,136599836,G,A
515,BCLAF1,rs9942519,synonymous SNV,6,136599842,136599842,G,A
516,PERP,rs648396,synonymous SNV,6,138413269,138413269,A,G
517,LATS1,rs3924871,synonymous SNV,6,149983216,149983216,G,A
518,LATS1,rs3798761,synonymous SNV,6,150004779,150004779,A,G
519,LATS1,rs56246065,synonymous SNV,6,150005250,150005250,A,G
520,ESR1,rs2077647,synonymous SNV,6,152129077,152129077,T,C
521,ESR1,rs4986934,synonymous SNV,6,152201875,152201875,T,C
522,ESR1,rs1801132,synonymous SNV,6,152265522,152265522,G,C
523,ESR1,rs2228480,synonymous SNV,6,152420095,152420095,G,A
524,SYNE1,rs2256135,synonymous SNV,6,152464839,152464839,A,G
525,SYNE1,rs2252748,synonymous SNV,6,152469331,152469331,C,T
526,SYNE1,.,synonymous SNV,6,152557313,152557313,G,A
527,SYNE1,rs140136749,synonymous SNV,6,152652719,152652719,G,A
528,SYNE1,rs71575926,synonymous SNV,6,152660451,152660451,G,A
529,SYNE1,.,synonymous SNV,6,152674762,152674762,G,A
530,SYNE1,rs9397102,synonymous SNV,6,152675854,152675854,A,G
531,SYNE1,rs4407724,synonymous SNV,6,152683413,152683413,G,T
532,SYNE1,rs6913579,synonymous SNV,6,152694184,152694184,T,C
533,ARID1B,rs3734441,synonymous SNV,6,157405930,157405930,G,A
534,ARID1B,rs143236717,synonymous SNV,6,157522075,157522075,C,T
535,IGF2R,rs1570070,synonymous SNV,6,160453978,160453978,A,G
536,IGF2R,rs894817,synonymous SNV,6,160464289,160464289,G,A
537,IGF2R,rs998075,synonymous SNV,6,160468278,160468278,A,G
538,IGF2R,rs614754,synonymous SNV,6,160505199,160505199,C,G
539,SLC22A2,rs316003,synonymous SNV,6,160645832,160645832,C,T
540,SLC22A3,rs668871,synonymous SNV,6,160769811,160769811,C,T
541,TBP,rs1042327,synonymous SNV,6,170878793,170878793,T,C
542,PRKAR1B,rs3211362,synonymous SNV,7,618938,618938,A,G
543,MAD1L1,.,synonymous SNV,7,2255854,2255854,C,A
544,CARD11,rs1124581,synonymous SNV,7,2946461,2946461,T,C
545,CARD11,rs3735124,synonymous SNV,7,2957005,2957005,T,C
546,CARD11,rs1621509,synonymous SNV,7,2969680,2969680,G,A
547,CARD11,rs6945582,synonymous SNV,7,2976767,2976767,G,A
548,PMS2,rs1805319,synonymous SNV,7,6036980,6036980,G,C
549,GLCCI1,rs929509,synonymous SNV,7,8125964,8125964,C,T
550,HDAC9,rs1178127,synonymous SNV,7,18767343,18767343,A,G
551,HDAC9,rs2389998,synonymous SNV,7,18993870,18993870,C,T
552,HOXA3,.,synonymous SNV,7,27147615,27147615,C,T
553,GLI3,rs35961850,synonymous SNV,7,42079765,42079765,G,A
554,GLI3,rs3898405,synonymous SNV,7,42088232,42088232,G,A
555,GRB10,rs4947710,synonymous SNV,7,50673029,50673029,T,C
556,GRB10,rs1800504,synonymous SNV,7,50742180,50742180,C,T
557,EGFR,rs10258429,synonymous SNV,7,55238087,55238087,C,T
558,EGFR,rs1050171,synonymous SNV,7,55249063,55249063,G,A
559,EGFR,rs1140475,synonymous SNV,7,55266417,55266417,T,C
560,EGFR,rs2293347,synonymous SNV,7,55268916,55268916,C,T
561,BAZ1B,rs2074754,synonymous SNV,7,72891754,72891754,C,T
562,POR,rs1135612,synonymous SNV,7,75609677,75609677,A,G
563,POR,rs2228104,synonymous SNV,7,75614953,75614953,T,C
564,POR,rs1057870,synonymous SNV,7,75615287,75615287,G,A
565,ABCB4,rs1202283,synonymous SNV,7,87082292,87082292,G,A
566,ABCB1,rs1045642,synonymous SNV,7,87138645,87138645,A,G
567,ABCB1,rs1128503,synonymous SNV,7,87179601,87179601,A,G
568,ABCB1,rs2214102,synonymous SNV,7,87229501,87229501,T,C
569,AKAP9,rs1989779,synonymous SNV,7,91632306,91632306,C,T
570,AKAP9,rs13245393,synonymous SNV,7,91641928,91641928,A,G
571,AKAP9,rs10236397,synonymous SNV,7,91691601,91691601,C,T
572,AKAP9,rs10228334,synonymous SNV,7,91713972,91713972,C,T
573,AKAP9,rs28927678,synonymous SNV,7,91715662,91715662,C,T
574,AKAP9,rs1063243,synonymous SNV,7,91726927,91726927,A,C
575,SAMD9,rs6965201,synonymous SNV,7,92734451,92734451,A,G
576,LMTK2,rs3801294,synonymous SNV,7,97822210,97822210,G,A
577,MCM7,rs12267,synonymous SNV,7,99693078,99693078,G,A
578,EPHB4,rs2230585,synonymous SNV,7,100410597,100410597,G,A
579,EPHB4,rs314359,synonymous SNV,7,100411278,100411278,T,C
580,EPHB4,rs144173,synonymous SNV,7,100416250,100416250,A,G
581,EPHB4,rs56173078,synonymous SNV,7,100420155,100420155,A,G
582,CUX1,rs2230104,synonymous SNV,7,101837149,101837149,G,A
583,CUX1,rs60987662,synonymous SNV,7,101844851,101844851,A,G
584,CUX1,rs410825,synonymous SNV,7,101892121,101892121,G,A
585,CUX1,rs813000,synonymous SNV,7,101916647,101916647,A,G
586,KMT2E,rs780033817,synonymous SNV,7,104753240,104753240,A,C
587,KMT2E,rs780916307,synonymous SNV,7,104753246,104753246,A,C
588,PIK3CG,rs849389,synonymous SNV,7,106508978,106508978,A,G
589,PIK3CG,rs849390,synonymous SNV,7,106508987,106508987,T,C
590,SLC26A3,rs41669,synonymous SNV,7,107414419,107414419,A,G
591,SLC26A3,rs35576676,synonymous SNV,7,107423773,107423773,G,A
592,MET,rs41736,synonymous SNV,7,116435768,116435768,C,T
593,MET,rs2023748,synonymous SNV,7,116436022,116436022,G,A
594,MET,rs41737,synonymous SNV,7,116436097,116436097,G,A
595,WASL,rs1054706,synonymous SNV,7,123388732,123388732,G,A
596,SND1,rs322825,synonymous SNV,7,127721507,127721507,T,C
597,IRF5,rs79724471,synonymous SNV,7,128587381,128587381,T,C
598,SMO,rs2228617,synonymous SNV,7,128846328,128846328,G,C
599,SMO,.,synonymous SNV,7,128846376,128846376,G,A
600,KDM7A,rs1062277,synonymous SNV,7,139801777,139801777,T,G
601,BRAF,rs9648696,synonymous SNV,7,140449150,140449150,T,C
602,PRSS1,rs376671702,synonymous SNV,7,142459679,142459679,G,A
603,PRSS1,rs6666,synonymous SNV,7,142460313,142460313,T,C
604,PRSS1,rs377124851,synonymous SNV,7,142460394,142460394,T,C
605,PRSS1,rs6667,synonymous SNV,7,142460865,142460865,T,C
606,EPHB6,.,synonymous SNV,7,142562074,142562074,C,T
607,EPHB6,.,synonymous SNV,7,142562074,142562074,C,T
608,EPHA1,rs1804527,synonymous SNV,7,143088823,143088823,T,C
609,EPHA1,rs10952549,synonymous SNV,7,143093538,143093538,G,A
610,EPHA1,.,synonymous SNV,7,143095110,143095110,C,T
611,KCNH2,rs1137617,synonymous SNV,7,150648198,150648198,A,G
612,KCNH2,rs1805121,synonymous SNV,7,150648789,150648789,T,C
613,KMT2C,.,synonymous SNV,7,151859859,151859859,T,C
614,KMT2C,rs776439533,synonymous SNV,7,151874825,151874825,C,T
615,KMT2C,rs28439884,synonymous SNV,7,151927026,151927026,T,C
616,KMT2C,rs3896406,synonymous SNV,7,151945101,151945101,G,C
617,KMT2C,rs2537263,synonymous SNV,7,151945140,151945140,C,T
618,KMT2C,rs2537264,synonymous SNV,7,151945167,151945167,G,T
619,KMT2C,rs594178,synonymous SNV,7,151945215,151945215,T,C
620,KMT2C,rs372718879,synonymous SNV,7,151945313,151945313,A,G
621,KMT2C,rs62478356,synonymous SNV,7,151962176,151962176,T,A
622,KMT2C,rs770240292,synonymous SNV,7,151962269,151962269,C,T
623,KMT2C,rs141993954,synonymous SNV,7,151970797,151970797,A,T
624,MCPH1,rs2305022,synonymous SNV,8,6272399,6272399,G,T
625,MCPH1,rs2920676,synonymous SNV,8,6302671,6302671,C,T
626,MCPH1,rs2584,synonymous SNV,8,6303025,6303025,G,A
627,TNKS,rs33945943,synonymous SNV,8,9414049,9414049,G,A
628,TNKS,rs7006985,synonymous SNV,8,9564437,9564437,A,G
629,TNKS,rs35052906,synonymous SNV,8,9567700,9567700,C,A
630,TNKS,rs6601360,synonymous SNV,8,9577940,9577940,T,C
631,BLK,rs3816668,synonymous SNV,8,11406593,11406593,T,C
632,BLK,rs2306234,synonymous SNV,8,11414237,11414237,T,C
633,FGF20,rs17514894,synonymous SNV,8,16859440,16859440,C,T
634,NAT2,rs1041983,synonymous SNV,8,18257795,18257795,C,T
635,HR,rs12675745,synonymous SNV,8,21984650,21984650,A,G
636,PTK2B,rs1045510,synonymous SNV,8,27255128,27255128,T,C
637,PTK2B,rs1045511,synonymous SNV,8,27255146,27255146,G,A
638,PTK2B,rs1045512,synonymous SNV,8,27255263,27255263,A,G
639,PTK2B,rs1030526,synonymous SNV,8,27277537,27277537,G,A
640,PTK2B,rs7005936,synonymous SNV,8,27293865,27293865,C,T
641,PTK2B,rs1879184,synonymous SNV,8,27311703,27311703,T,C
642,PTK2B,rs1879182,synonymous SNV,8,27315876,27315876,A,G
643,PTK2B,rs1879181,synonymous SNV,8,27315900,27315900,A,G
644,WRN,rs1800389,synonymous SNV,8,30924557,30924557,C,T
645,WRN,rs1801196,synonymous SNV,8,31024638,31024638,C,T
646,ADGRA2,rs4976898,synonymous SNV,8,37699195,37699195,C,G
647,ASH2L,rs2843740,synonymous SNV,8,37985897,37985897,A,G
648,KAT6A,rs754956117,synonymous SNV,8,41790653,41790653,A,G
649,KAT6A,rs747981882,synonymous SNV,8,41790659,41790659,T,G
650,KAT6A,.,synonymous SNV,8,41790755,41790755,C,T
651,PREX2,rs1434774,synonymous SNV,8,68968166,68968166,C,A
652,PREX2,rs1434775,synonymous SNV,8,68968171,68968171,G,A
653,PREX2,rs2280637,synonymous SNV,8,69143589,69143589,A,G
654,PRDM14,rs10089937,synonymous SNV,8,70964399,70964399,A,G
655,PRDM14,rs3750225,synonymous SNV,8,70967607,70967607,T,C
656,PRDM14,rs3750227,synonymous SNV,8,70978690,70978690,C,T
657,E2F5,rs12926,synonymous SNV,8,86089787,86089787,C,G
658,NBN,rs1061302,synonymous SNV,8,90958422,90958422,T,C
659,NBN,rs709816,synonymous SNV,8,90967711,90967711,A,G
660,NBN,rs1063045,synonymous SNV,8,90995019,90995019,C,T
661,RAD54B,rs2291439,synonymous SNV,8,95419698,95419698,A,G
662,CCNE2,.,synonymous SNV,8,95906167,95906167,G,T
663,COX6C,rs1130569,synonymous SNV,8,100899793,100899793,G,A
664,UBR5,rs12707772,synonymous SNV,8,103276753,103276753,T,G
665,UBR5,rs9650002,synonymous SNV,8,103307533,103307533,T,C
666,RSPO2,rs34627831,synonymous SNV,8,108970336,108970336,G,A
667,ATAD2,rs761073212,synonymous SNV,8,124382179,124382179,A,G
668,POU5F1B,rs6998254,synonymous SNV,8,128428795,128428795,G,A
669,MYC,rs2070582,synonymous SNV,8,128751201,128751201,G,A
670,PTK2,rs149694113,synonymous SNV,8,141745433,141745433,A,G
671,EEF1D,rs1062391,synonymous SNV,8,144662353,144662353,G,A
672,MAPK15,rs56186625,synonymous SNV,8,144800420,144800420,C,T
673,MAPK15,rs12678428,synonymous SNV,8,144801243,144801243,C,T
674,RECQL4,rs4925828,synonymous SNV,8,145737636,145737636,A,G
675,RECQL4,rs4244613,synonymous SNV,8,145741765,145741765,G,A
676,RECQL4,rs2306386,synonymous SNV,8,145742879,145742879,T,C
677,SMARCA2,rs754442970,synonymous SNV,9,2039818,2039818,A,G
678,SMARCA2,rs10964525,synonymous SNV,9,2039827,2039827,G,A
679,JAK2,rs2230724,synonymous SNV,9,5081780,5081780,G,A
680,CD274,.,synonymous SNV,9,5466801,5466801,C,T
681,UHRF2,rs199507879,synonymous SNV,9,6486907,6486907,T,G
682,PTPRD,rs2281747,synonymous SNV,9,8465598,8465598,A,G
683,PSIP1,rs2821529,synonymous SNV,9,15486870,15486870,A,G
684,TEK,.,synonymous SNV,9,27173263,27173263,C,T
685,TAF1L,rs10758145,synonymous SNV,9,32630472,32630472,T,C
686,TAF1L,rs10971047,synonymous SNV,9,32631369,32631369,C,T
687,TAF1L,.,synonymous SNV,9,32631558,32631558,G,T
688,PRSS3,rs760851289,synonymous SNV,9,33796660,33796660,T,C
689,IL11RA,rs140455675,synonymous SNV,9,34658593,34658593,A,G
690,GRHPR,rs309458,synonymous SNV,9,37429814,37429814,A,G
691,ZBTB5,rs309450,synonymous SNV,9,37441808,37441808,A,G
692,SHB,rs1138374,synonymous SNV,9,37974743,37974743,T,C
693,SHB,rs3750444,synonymous SNV,9,38068532,38068532,A,G
694,TJP2,rs2282336,synonymous SNV,9,71862975,71862975,C,T
695,TJP2,rs2095876,synonymous SNV,9,71862987,71862987,G,A
696,UBQLN1,rs7866234,synonymous SNV,9,86278817,86278817,C,A
697,UBQLN1,rs2781004,synonymous SNV,9,86278913,86278913,C,T
698,CDK20,rs665983,synonymous SNV,9,90588903,90588903,C,T
699,SYK,rs2290890,synonymous SNV,9,93637015,93637015,C,T
700,SYK,rs2290888,synonymous SNV,9,93639973,93639973,G,C
701,SYK,rs2290887,synonymous SNV,9,93640009,93640009,G,A
702,SYK,rs2306041,synonymous SNV,9,93641175,93641175,C,T
703,SYK,rs2306040,synonymous SNV,9,93641199,93641199,T,C
704,WNK2,rs4744201,synonymous SNV,9,96015256,96015256,C,T
705,WNK2,.,synonymous SNV,9,96021647,96021647,T,C
706,WNK2,rs2169756,synonymous SNV,9,96051521,96051521,A,G
707,WNK2,rs4744216,synonymous SNV,9,96052295,96052295,C,G
708,WNK2,rs41278286,synonymous SNV,9,96055063,96055063,C,T
709,NUTM2F,rs143377616,synonymous SNV,9,97081356,97081356,T,C
710,PTCH1,rs2066836,synonymous SNV,9,98238358,98238358,G,A
711,PTCH1,rs1805153,synonymous SNV,9,98268765,98268765,G,A
712,NUTM2G,rs201491123,synonymous SNV,9,99700909,99700909,C,T
713,NR4A3,rs10988904,synonymous SNV,9,102595685,102595685,C,T
714,ABCA1,rs2066716,synonymous SNV,9,107568705,107568705,C,T
715,ABCA1,.,synonymous SNV,9,107581070,107581070,C,A
716,ABCA1,rs2853579,synonymous SNV,9,107591272,107591272,G,T
717,ABCA1,rs2230805,synonymous SNV,9,107624029,107624029,C,T
718,ELP1,rs1063110,synonymous SNV,9,111653574,111653574,C,G
719,ELP1,rs35054425,synonymous SNV,9,111665215,111665215,A,C
720,MUSK,rs41279051,synonymous SNV,9,113459655,113459655,C,T
721,TRAF1,rs2239657,synonymous SNV,9,123671520,123671520,G,A
722,NDUFA8,rs4679,synonymous SNV,9,124914613,124914613,C,T
723,PTGS1,.,synonymous SNV,9,125140821,125140821,C,T
724,NEK6,rs10760354,synonymous SNV,9,127101924,127101924,C,T
725,PPP6C,rs466994,synonymous SNV,9,127951863,127951863,G,A
726,PRDM12,rs7021384,synonymous SNV,9,133553993,133553993,C,T
727,PRDM12,rs12004652,synonymous SNV,9,133556930,133556930,C,T
728,NUP214,rs2296710,synonymous SNV,9,134021630,134021630,A,G
729,TSC1,rs4962081,synonymous SNV,9,135772717,135772717,G,A
730,DBH,rs1108580,synonymous SNV,9,136505114,136505114,A,G
731,DBH,rs77905,synonymous SNV,9,136518097,136518097,A,G
732,VAV2,rs9722384,synonymous SNV,9,136633606,136633606,G,A
733,VAV2,rs7865299,synonymous SNV,9,136662928,136662928,A,G
734,BRD3,rs467387,synonymous SNV,9,136907005,136907005,G,A
735,BRD3,rs464826,synonymous SNV,9,136913355,136913355,T,C
736,RXRA,rs1805348,synonymous SNV,9,137328442,137328442,G,A
737,NOTCH1,rs759823306,synonymous SNV,9,139391249,139391249,C,T
738,NOTCH1,rs2229974,synonymous SNV,9,139391636,139391636,G,A
739,NOTCH1,rs10521,synonymous SNV,9,139397707,139397707,G,A
740,NOTCH1,.,synonymous SNV,9,139400100,139400100,G,A
741,NOTCH1,rs2229971,synonymous SNV,9,139407932,139407932,A,G
742,NOTCH1,rs4489420,synonymous SNV,9,139418260,139418260,A,G
743,ZMYND11,rs1017361,synonymous SNV,10,294953,294953,A,G
744,GTPBP4,rs2306409,synonymous SNV,10,1046712,1046712,G,A
745,MLLT10,rs1802669,synonymous SNV,10,21827796,21827796,G,A
746,RET,rs1800858,synonymous SNV,10,43595968,43595968,A,G
747,RET,rs1800860,synonymous SNV,10,43606687,43606687,A,G
748,RET,rs1800861,synonymous SNV,10,43613843,43613843,G,T
749,RET,rs1800863,synonymous SNV,10,43615633,43615633,C,G
750,CCDC6,rs1053265,synonymous SNV,10,61552774,61552774,C,T
751,CCDC6,rs1171830,synonymous SNV,10,61665886,61665886,C,A
752,EGR2,rs224083,synonymous SNV,10,64573771,64573771,C,T
753,JMJD1C,rs3211105,synonymous SNV,10,64945364,64945364,G,A
754,JMJD1C,rs1904294,synonymous SNV,10,64967445,64967445,A,T
755,HK1,rs748235,synonymous SNV,10,71142420,71142420,G,A
756,NUTM2B,rs3871230,synonymous SNV,10,81465826,81465826,C,T
757,WAPL,rs7094132,synonymous SNV,10,88203068,88203068,T,C
758,PTEN,rs786202751,synonymous SNV,10,89725079,89725079,G,A
759,FAS,rs2234978,synonymous SNV,10,90771829,90771829,T,C
760,TNKS2,rs3758499,synonymous SNV,10,93608142,93608142,G,A
761,TBC1D12,rs2477534,synonymous SNV,10,96163039,96163039,C,G
762,HELLS,rs11188019,synonymous SNV,10,96313960,96313960,A,C
763,CYP2C19,rs17885098,synonymous SNV,10,96522561,96522561,T,C
764,CYP2C9,rs1057911,synonymous SNV,10,96748737,96748737,A,T
765,BLNK,rs727852,synonymous SNV,10,97990583,97990583,A,G
766,NKX2-3,rs41290504,synonymous SNV,10,101293035,101293035,C,A
767,ABCC2,rs3740070,synonymous SNV,10,101591418,101591418,G,A
768,ABCC2,rs3740066,synonymous SNV,10,101604207,101604207,C,T
769,ABCC2,.,synonymous SNV,10,101610530,101610530,G,A
770,ABCC2,.,synonymous SNV,10,101611314,101611314,C,T
771,PAX2,rs1800897,synonymous SNV,10,102568872,102568872,C,T
772,PAX2,rs1800898,synonymous SNV,10,102568983,102568983,A,C
773,NFKB2,rs4919633,synonymous SNV,10,104159196,104159196,A,G
774,NFKB2,rs4919634,synonymous SNV,10,104160434,104160434,A,G
775,CYP17A1,rs6163,synonymous SNV,10,104596924,104596924,C,A
776,CYP17A1,rs6162,synonymous SNV,10,104596981,104596981,G,A
777,NT5C2,rs3740387,synonymous SNV,10,104849468,104849468,G,A
778,SMC3,rs2419565,synonymous SNV,10,112361870,112361870,A,G
779,EIF3A,rs7908387,synonymous SNV,10,120828969,120828969,A,G
780,FGFR2,rs1047100,synonymous SNV,10,123298158,123298158,T,C
781,HRAS,rs12628,synonymous SNV,11,534242,534242,A,G
782,RRM1,rs2228121,synonymous SNV,11,4128739,4128739,T,C
783,RRM1,rs1042858,synonymous SNV,11,4159466,4159466,G,A
784,TPP1,rs1128396,synonymous SNV,11,6636106,6636106,T,A
785,RBMXL2,rs4758158,synonymous SNV,11,7110363,7110363,G,A
786,RBMXL2,.,synonymous SNV,11,7110852,7110852,G,A
787,LMO1,rs3750952,synonymous SNV,11,8251921,8251921,G,C
788,RPL27A,rs4670,synonymous SNV,11,8706406,8706406,T,G
789,ASCL3,rs2742505,synonymous SNV,11,8959370,8959370,G,A
790,CYP2R1,rs12794714,synonymous SNV,11,14913575,14913575,G,A
791,PIK3C2A,rs2302511,synonymous SNV,11,17172133,17172133,T,C
792,LDHA,rs4687,synonymous SNV,11,18424451,18424451,C,T
793,LDHA,rs4820,synonymous SNV,11,18424487,18424487,A,G
794,LGR4,rs2447997,synonymous SNV,11,27390089,27390089,T,C
795,LGR4,rs6484295,synonymous SNV,11,27406844,27406844,G,A
796,BDNF,rs2353512,synonymous SNV,11,27679662,27679662,T,C
797,WT1,rs1799925,synonymous SNV,11,32456562,32456562,G,A
798,LMO2,rs3740617,synonymous SNV,11,33881016,33881016,T,C
799,ELF5,rs2231828,synonymous SNV,11,34502345,34502345,T,C
800,PRDM11,rs11038361,synonymous SNV,11,45248372,45248372,T,C
801,PRDM11,rs746555,synonymous SNV,11,45249314,45249314,T,C
802,DDB2,rs326212,synonymous SNV,11,47238522,47238522,T,C
803,MYBPC3,rs1052373,synonymous SNV,11,47354787,47354787,C,T
804,MYBPC3,rs11570051,synonymous SNV,11,47371442,47371442,G,A
805,PTPRJ,rs2270993,synonymous SNV,11,48145166,48145166,G,A
806,PTPRJ,rs2270992,synonymous SNV,11,48145247,48145247,T,C
807,FOLH1,rs202716,synonymous SNV,11,49196490,49196490,T,C
808,FOLH1,rs182169,synonymous SNV,11,49207315,49207315,A,G
809,FOLH1,rs75655145,synonymous SNV,11,49208298,49208298,A,G
810,FOLH1,rs79155991,synonymous SNV,11,49208319,49208319,G,A
811,FOLH1,rs202680,synonymous SNV,11,49221885,49221885,T,A
812,OR8U1;OR8U8,rs11228169,synonymous SNV,11,56143570,56143570,A,G
813,OR8U1;OR8U8,rs4990123,synonymous SNV,11,56143690,56143690,C,A
814,CTNND1,rs10896644,synonymous SNV,11,57563991,57563991,C,T
815,CTNND1,rs11229137,synonymous SNV,11,57571232,57571232,C,T
816,PRPF19,rs3763840,synonymous SNV,11,60666341,60666341,G,A
817,MEN1,rs540012,synonymous SNV,11,64572557,64572557,A,G
818,MAP3K11,rs2004649,synonymous SNV,11,65380916,65380916,G,A
819,FOSL1,rs637571,synonymous SNV,11,65664346,65664346,T,C
820,FOSL1,rs1058068,synonymous SNV,11,65667796,65667796,G,A
821,KDM2A,rs3741189,synonymous SNV,11,66995603,66995603,T,C
822,RPS6KB2,rs4930427,synonymous SNV,11,67200819,67200819,C,T
823,LRP5,rs545382,synonymous SNV,11,68171013,68171013,T,C
824,LRP5,rs556442,synonymous SNV,11,68192690,68192690,G,A
825,CCND1,rs9344,synonymous SNV,11,69462910,69462910,G,A
826,WNT11,rs1533767,synonymous SNV,11,75905800,75905800,G,A
827,EMSY,.,synonymous SNV,11,76255557,76255557,G,A
828,EMSY,rs3753051,synonymous SNV,11,76257215,76257215,T,C
829,NDUFC2;NDUFC2-KCTD14,rs534418,synonymous SNV,11,77790653,77790653,T,C
830,GAB2,.,synonymous SNV,11,77937662,77937662,T,G
831,PICALM,rs694353,synonymous SNV,11,85692181,85692181,A,C
832,PICALM,rs592297,synonymous SNV,11,85725937,85725937,C,T
833,EED,rs974144,synonymous SNV,11,85968623,85968623,C,T
834,FAT3,rs12362722,synonymous SNV,11,92532677,92532677,T,C
835,MAML2,rs7123272,synonymous SNV,11,95713024,95713024,G,A
836,MAML2,rs571656416,synonymous SNV,11,95825221,95825221,C,T
837,MAML2,rs7931870,synonymous SNV,11,95825797,95825797,A,G
838,MAML2,.,synonymous SNV,11,96074724,96074724,A,G
839,PGR,rs1379130,synonymous SNV,11,100998623,100998623,G,A
840,PDGFD,rs10791649,synonymous SNV,11,103780455,103780455,A,G
841,GUCY1A2,rs3107973,synonymous SNV,11,106888608,106888608,G,A
842,PPP2R1B,rs777446528,synonymous SNV,11,111614250,111614250,G,A
843,DRD2,rs6277,synonymous SNV,11,113283459,113283459,G,A
844,DRD2,rs6275,synonymous SNV,11,113283477,113283477,A,G
845,KMT2A,.,synonymous SNV,11,118368692,118368692,A,T
846,ETS1,rs2230004,synonymous SNV,11,128333503,128333503,T,C
847,KCNJ5,rs6590357,synonymous SNV,11,128781339,128781339,T,C
848,KCNJ5,rs7118824,synonymous SNV,11,128781978,128781978,T,G
849,KCNJ5,rs7118833,synonymous SNV,11,128782002,128782002,T,C
850,KDM5A,rs2229351,synonymous SNV,12,406292,406292,G,A
851,WNK1,rs3168640,synonymous SNV,12,862989,862989,T,C
852,WNK1,rs10774466,synonymous SNV,12,939302,939302,A,G
853,WNK1,rs1012729,synonymous SNV,12,987482,987482,G,A
854,WNK1,rs9804992,synonymous SNV,12,988894,988894,G,A
855,WNK1,rs7300444,synonymous SNV,12,993930,993930,C,T
856,WNK1,rs4766334,synonymous SNV,12,1017197,1017197,C,T
857,CACNA1C,rs1544514,synonymous SNV,12,2558186,2558186,G,A
858,FOXM1,rs2215292,synonymous SNV,12,2968458,2968458,T,C
859,CCND2,rs3217805,synonymous SNV,12,4388084,4388084,C,G
860,FGF6,rs7358740,synonymous SNV,12,4554548,4554548,G,C
861,NTF3,rs6332,synonymous SNV,12,5603632,5603632,G,A
862,CHD4,rs11539543,synonymous SNV,12,6707526,6707526,G,A
863,CHD4,rs11539542,synonymous SNV,12,6709059,6709059,G,A
864,PTPN6,rs2110072,synonymous SNV,12,7065635,7065635,T,C
865,STYK1,rs2290717,synonymous SNV,12,10783729,10783729,A,G
866,ETV6,rs35030220,synonymous SNV,12,12022467,12022467,G,T
867,LRP6,rs1012672,synonymous SNV,12,12284915,12284915,G,A
868,SLCO1B3;SLCO1B3-SLCO1B7,rs2053098,synonymous SNV,12,21036411,21036411,A,G
869,SLCO1B3;SLCO1B3-SLCO1B7,rs3764006,synonymous SNV,12,21054369,21054369,G,A
870,SLCO1B1,rs4149057,synonymous SNV,12,21331599,21331599,T,C
871,KRAS,rs4362222,synonymous SNV,12,25368462,25368462,C,T
872,CAPRIN2,rs13656,synonymous SNV,12,30868002,30868002,C,T
873,LRRK2,rs10878245,synonymous SNV,12,40631791,40631791,T,C
874,LRRK2,rs7966550,synonymous SNV,12,40688695,40688695,T,C
875,LRRK2,rs1427263,synonymous SNV,12,40713834,40713834,C,A
876,LRRK2,rs11176013,synonymous SNV,12,40713873,40713873,A,G
877,LRRK2,rs10878371,synonymous SNV,12,40716260,40716260,T,C
878,LRRK2,rs10878405,synonymous SNV,12,40742254,40742254,G,A
879,HDAC7,rs11831883,synonymous SNV,12,48190044,48190044,C,T
880,ARF3,rs12122,synonymous SNV,12,49334762,49334762,G,C
881,WNT10B,rs1051886,synonymous SNV,12,49359989,49359989,G,A
882,KMT2D,rs368627880,synonymous SNV,12,49420041,49420041,G,A
883,KMT2D,rs11168830,synonymous SNV,12,49424534,49424534,G,A
884,KMT2D,rs61942218,synonymous SNV,12,49427919,49427919,T,C
885,DHH,.,synonymous SNV,12,49485080,49485080,G,A
886,PRPF40B,rs769799558,synonymous SNV,12,50025207,50025207,A,C
887,ATF1,rs1129406,synonymous SNV,12,51203371,51203371,C,T
888,ESPL1,rs3214023,synonymous SNV,12,53682986,53682986,C,T
889,ESPL1,.,synonymous SNV,12,53686175,53686175,C,T
890,HOXC11,rs4759315,synonymous SNV,12,54367061,54367061,T,G
891,HOXC10,rs4564384,synonymous SNV,12,54379670,54379670,C,T
892,CDK2,rs2069398,synonymous SNV,12,56360876,56360876,G,A
893,ERBB3,rs2229046,synonymous SNV,12,56487201,56487201,T,C
894,NACA,rs4788,synonymous SNV,12,57106660,57106660,A,T
895,STAT6,.,synonymous SNV,12,57498253,57498253,C,T
896,GLI1,.,synonymous SNV,12,57865133,57865133,T,C
897,DDIT3,rs697221,synonymous SNV,12,57911160,57911160,G,A
898,OS9,rs799265,synonymous SNV,12,58112189,58112189,A,G
899,WIF1,rs7301320,synonymous SNV,12,65514266,65514266,T,C
900,DYRK2,rs3741644,synonymous SNV,12,68052178,68052178,G,T
901,CCT2,rs1043434,synonymous SNV,12,69986788,69986788,A,G
902,PTPRB,rs582954,synonymous SNV,12,70928724,70928724,A,G
903,PTPRB,rs2303963,synonymous SNV,12,70953277,70953277,T,C
904,PTPRB,rs34615667,synonymous SNV,12,70988287,70988287,A,G
905,PTPRB,rs2717430,synonymous SNV,12,71002865,71002865,T,A
906,PTPRB,rs74101511,synonymous SNV,12,71029680,71029680,A,G
907,PTPRR,rs10506608,synonymous SNV,12,71155380,71155380,A,G
908,PTPRR,rs12822996,synonymous SNV,12,71286693,71286693,T,C
909,LGR5,rs1797372,synonymous SNV,12,71960208,71960208,G,A
910,E2F7,rs2242384,synonymous SNV,12,77438436,77438436,T,C
911,PTPRQ,rs12824064,synonymous SNV,12,80900397,80900397,C,G
912,PTPRQ,rs11114503,synonymous SNV,12,80936082,80936082,C,T
913,TBX3,rs62640916,synonymous SNV,12,115112444,115112444,C,A
914,HNF1A,rs1169289,synonymous SNV,12,121416622,121416622,C,G
915,HNF1A,rs2259820,synonymous SNV,12,121435342,121435342,C,T
916,KDM2B,rs1064951,synonymous SNV,12,121878659,121878659,C,T
917,KDM2B,rs3751131,synonymous SNV,12,121880520,121880520,G,A
918,KDM2B,rs10849885,synonymous SNV,12,121881848,121881848,G,A
919,SETD1B,rs1168666,synonymous SNV,12,122243905,122243905,C,T
920,SETD1B,rs895952,synonymous SNV,12,122248582,122248582,C,G
921,SETD1B,.,synonymous SNV,12,122261231,122261231,T,C
922,SETD1B,rs3741593,synonymous SNV,12,122261456,122261456,G,A
923,BCL7A,rs28629903,synonymous SNV,12,122497001,122497001,T,C
924,NCOR2,rs61751354,synonymous SNV,12,124821666,124821666,G,A
925,NCOR2,rs1263992,synonymous SNV,12,124829234,124829234,C,T
926,NCOR2,rs1244085,synonymous SNV,12,124829255,124829255,A,G
927,NCOR2,rs7961196,synonymous SNV,12,124856618,124856618,A,G
928,NCOR2,rs3741513,synonymous SNV,12,124856660,124856660,T,A
929,NCOR2,rs10846679,synonymous SNV,12,124957627,124957627,C,T
930,UBC,rs8963,synonymous SNV,12,125397364,125397364,A,G
931,ULK1,rs11616018,synonymous SNV,12,132396603,132396603,C,T
932,POLE,rs5745022,synonymous SNV,12,133208979,133208979,T,C
933,POLE,rs5744944,synonymous SNV,12,133219831,133219831,T,C
934,POLE,rs5744857,synonymous SNV,12,133236000,133236000,C,T
935,TPTE2,rs545861513,synonymous SNV,13,20025336,20025336,A,G
936,LATS2,rs755209445,synonymous SNV,13,21562506,21562506,C,G
937,FGF9,rs9509841,synonymous SNV,13,22275394,22275394,A,G
938,PARP4,rs59195808,synonymous SNV,13,25016008,25016008,C,T
939,PARP4,rs55888616,synonymous SNV,13,25016092,25016092,C,T
940,PARP4,rs61947037,synonymous SNV,13,25021154,25021154,C,T
941,PARP4,rs7333856,synonymous SNV,13,25021211,25021211,C,T
942,PARP4,rs1130941,synonymous SNV,13,25033200,25033200,T,A
943,PARP4,rs1050107,synonymous SNV,13,25033227,25033227,A,G
944,FLT3,rs7338903,synonymous SNV,13,28636084,28636084,G,A
945,FLT1,rs759742291,synonymous SNV,13,29004255,29004255,G,A
946,BRCA2,rs1801406,synonymous SNV,13,32911888,32911888,A,G
947,BRCA2,rs206075,synonymous SNV,13,32913055,32913055,A,G
948,BRCA2,rs206076,synonymous SNV,13,32915005,32915005,G,C
949,BRCA2,rs1799955,synonymous SNV,13,32929232,32929232,A,G
950,PDS5B,rs2301393,synonymous SNV,13,33232435,33232435,A,G
951,ELF1,rs3764056,synonymous SNV,13,41517985,41517985,A,G
952,NEK3,rs2296351,synonymous SNV,13,52709938,52709938,A,C
953,DIAPH3,rs41293422,synonymous SNV,13,60240829,60240829,C,T
954,DACH1,.,synonymous SNV,13,72440428,72440428,G,A
955,DACH1,.,synonymous SNV,13,72440446,72440446,G,A
956,DIS3,rs2196979,synonymous SNV,13,73343039,73343039,C,T
957,KLF12,rs3764134,synonymous SNV,13,74339104,74339104,G,T
958,LMO7,rs625033,synonymous SNV,13,76378459,76378459,T,C
959,LMO7,rs2273997,synonymous SNV,13,76409436,76409436,A,G
960,SOX21,rs1060474,synonymous SNV,13,95364046,95364046,C,G
961,BIVM-ERCC5;ERCC5,rs1047768,synonymous SNV,13,103504517,103504517,T,C
962,IRS2,rs4773092,synonymous SNV,13,110435953,110435953,A,G
963,IRS2,rs3742210,synonymous SNV,13,110436232,110436232,G,A
964,ING1,rs9555726,synonymous SNV,13,111368316,111368316,C,T
965,PARP2,rs3093930,synonymous SNV,14,20824181,20824181,T,C
966,PRMT5,.,synonymous SNV,14,23394148,23394148,T,A
967,MYH7,rs7157716,synonymous SNV,14,23892888,23892888,A,G
968,MYH7,rs735711,synonymous SNV,14,23899027,23899027,C,T
969,MYH7,rs2069540,synonymous SNV,14,23902753,23902753,G,A
970,REC8,rs11547058,synonymous SNV,14,24642348,24642348,C,T
971,REC8,rs1885711,synonymous SNV,14,24647814,24647814,T,C
972,TINF2,rs117234138,synonymous SNV,14,24709123,24709123,G,A
973,TINF2,.,synonymous SNV,14,24709675,24709675,T,C
974,RIPK3,rs56337365,synonymous SNV,14,24807221,24807221,G,A
975,RIPK3,rs3181247,synonymous SNV,14,24808388,24808388,A,G
976,NFATC4,rs2228233,synonymous SNV,14,24839165,24839165,C,T
977,NFATC4,.,synonymous SNV,14,24839495,24839495,A,C
978,NFATC4,rs2228232,synonymous SNV,14,24845543,24845543,T,C
979,BAZ1A,rs17592803,synonymous SNV,14,35331288,35331288,G,A
980,NFKBIA,.,synonymous SNV,14,35871693,35871693,C,T
981,NFKBIA,rs1957106,synonymous SNV,14,35873770,35873770,G,A
982,FOXA1,rs33941285,synonymous SNV,14,38061572,38061572,G,A
983,TTC6,rs12878846,synonymous SNV,14,38256769,38256769,A,G
984,TTC6,rs9805910,synonymous SNV,14,38266074,38266074,C,T
985,SOS2,rs2229869,synonymous SNV,14,50616878,50616878,G,A
986,MAP3K9,rs3829955,synonymous SNV,14,71199452,71199452,G,A
987,MAP3K9,rs7153601,synonymous SNV,14,71204973,71204973,C,T
988,DLST,rs20578,synonymous SNV,14,75367807,75367807,C,T
989,MLH3,rs13712,synonymous SNV,14,75483812,75483812,T,C
990,NEK9,rs8017642,synonymous SNV,14,75590822,75590822,G,A
991,NEK9,rs175449,synonymous SNV,14,75590846,75590846,A,T
992,FOS,rs1046117,synonymous SNV,14,75746690,75746690,C,T
993,AHSA1,rs7250,synonymous SNV,14,77935520,77935520,G,A
994,PTPN21,rs2297129,synonymous SNV,14,88935925,88935925,A,G
995,PTPN21,rs879932,synonymous SNV,14,88945591,88945591,A,G
996,DDX24,rs1056810,synonymous SNV,14,94524216,94524216,T,C
997,WARS,rs9453,synonymous SNV,14,100808845,100808845,G,A
998,HSP90AA1,rs4947,synonymous SNV,14,102550803,102550803,G,A
999,HSP90AA1,rs10873531,synonymous SNV,14,102568296,102568296,G,A
1000,NUTM1,rs430083,synonymous SNV,15,34640378,34640378,T,C
1001,SPRED1,rs7182445,synonymous SNV,15,38614525,38614525,G,A
1002,SPRED1,rs3751526,synonymous SNV,15,38643574,38643574,T,C
1003,SRP14,rs8208,synonymous SNV,15,40328665,40328665,G,A
1004,BUB1B,rs1047130,synonymous SNV,15,40488851,40488851,G,A
1005,TYRO3,.,synonymous SNV,15,41854750,41854750,G,A
1006,TYRO3,rs2277536,synonymous SNV,15,41857303,41857303,T,C
1007,MGA,rs61736063,synonymous SNV,15,42003316,42003316,G,A
1008,MGA,rs1918314,synonymous SNV,15,42026764,42026764,C,T
1009,MGA,rs2695163,synonymous SNV,15,42041712,42041712,G,A
1010,JMJD7;JMJD7-PLA2G4B,.,synonymous SNV,15,42127029,42127029,C,T
1011,TP53BP1,rs2230451,synonymous SNV,15,43707808,43707808,A,T
1012,TP53BP1,rs690367,synonymous SNV,15,43748304,43748304,A,G
1013,SMAD6,.,synonymous SNV,15,66995776,66995776,C,G
1014,SMAD3,rs1065080,synonymous SNV,15,67457335,67457335,A,G
1015,SKOR1,.,synonymous SNV,15,68118796,68118796,C,T
1016,SKOR1,rs72751453,synonymous SNV,15,68124665,68124665,C,A
1017,CYP1A2,rs2470890,synonymous SNV,15,75047426,75047426,C,T
1018,TSPAN3,rs11737,synonymous SNV,15,77344793,77344793,T,A
1019,PSMA4,rs8053,synonymous SNV,15,78841220,78841220,T,C
1020,NTRK3,rs2229910,synonymous SNV,15,88576185,88576185,G,C
1021,NTRK3,rs1863480,synonymous SNV,15,88679785,88679785,G,A
1022,MFGE8,rs1878327,synonymous SNV,15,89450546,89450546,C,T
1023,FANCI,rs7183618,synonymous SNV,15,89838236,89838236,G,A
1024,FANCI,.,synonymous SNV,15,89848913,89848913,C,T
1025,IDH2,.,synonymous SNV,15,90628325,90628325,C,T
1026,IDH2,rs61737003,synonymous SNV,15,90628591,90628591,G,A
1027,BLM,rs2227933,synonymous SNV,15,91337479,91337479,G,A
1028,BLM,rs2227934,synonymous SNV,15,91346923,91346923,C,A
1029,BLM,rs1063147,synonymous SNV,15,91354505,91354505,C,T
1030,FURIN,rs6226,synonymous SNV,15,91424574,91424574,G,C
1031,FES,rs11539637,synonymous SNV,15,91428290,91428290,C,T
1032,FES,rs2071383,synonymous SNV,15,91430436,91430436,T,C
1033,FES,rs143228307,synonymous SNV,15,91436525,91436525,C,A
1034,CHD2,rs4777755,synonymous SNV,15,93510603,93510603,A,G
1035,CHD2,rs11074121,synonymous SNV,15,93521604,93521604,A,G
1036,CHD2,rs2272457,synonymous SNV,15,93536197,93536197,C,T
1037,IGF1R,rs2229765,synonymous SNV,15,99478225,99478225,G,A
1038,AXIN1,rs138050554,synonymous SNV,16,347757,347757,G,A
1039,AXIN1,rs1805105,synonymous SNV,16,396264,396264,A,G
1040,SOX8,rs237674,synonymous SNV,16,1034834,1034834,T,C
1041,SOX8,rs11542178,synonymous SNV,16,1034954,1034954,T,C
1042,SOX8,rs11542179,synonymous SNV,16,1035077,1035077,C,T
1043,SSTR5,rs642249,synonymous SNV,16,1129912,1129912,A,G
1044,RPS2,rs2286466,synonymous SNV,16,2014283,2014283,A,G
1045,TRAF7,rs11547311,synonymous SNV,16,2222286,2222286,C,T
1046,MLST8,rs26862,synonymous SNV,16,2257105,2257105,C,G
1047,PDPK1,rs61747742,synonymous SNV,16,2607730,2607730,C,T
1048,SLX4,rs375872764,synonymous SNV,16,3640861,3640861,G,A
1049,CREBBP,rs200998860,synonymous SNV,16,3779045,3779045,A,G
1050,CREBBP,rs61731412,synonymous SNV,16,3789608,3789608,G,A
1051,GLIS2,rs34543395,synonymous SNV,16,4382351,4382351,C,A
1052,GLIS2,rs669561,synonymous SNV,16,4386814,4386814,T,C
1053,UBN1,rs1876359,synonymous SNV,16,4930100,4930100,C,T
1054,CIITA,rs34654419,synonymous SNV,16,11001770,11001770,G,T
1055,TNFRSF17,rs2017662,synonymous SNV,16,12061626,12061626,G,A
1056,TNFRSF17,rs2071336,synonymous SNV,16,12061674,12061674,G,A
1057,ERCC4,rs1799801,synonymous SNV,16,14041958,14041958,T,C
1058,MYH11,rs1050163,synonymous SNV,16,15811023,15811023,C,T
1059,MYH11,rs1050162,synonymous SNV,16,15811062,15811062,C,T
1060,MYH11,rs2075511,synonymous SNV,16,15818141,15818141,A,C
1061,MYH11,rs1050113,synonymous SNV,16,15839034,15839034,G,A
1062,MYH11,rs880071,synonymous SNV,16,15842023,15842023,G,A
1063,MYH11,rs2272554,synonymous SNV,16,15850204,15850204,A,G
1064,ABCC1,rs35605,synonymous SNV,16,16162019,16162019,T,C
1065,ABCC1,rs8187858,synonymous SNV,16,16162039,16162039,C,T
1066,PALB2,rs45516100,synonymous SNV,16,23619235,23619235,A,C
1067,KDM8,rs34577370,synonymous SNV,16,27231740,27231740,G,C
1068,IL4R,.,synonymous SNV,16,27373942,27373942,C,T
1069,TAOK2,rs3814883,synonymous SNV,16,29994922,29994922,C,T
1070,TAOK2,rs4077410,synonymous SNV,16,29998200,29998200,A,G
1071,MAPK3,.,synonymous SNV,16,30134498,30134498,G,C
1072,MAPK3,.,synonymous SNV,16,30134504,30134504,G,C
1073,RNF40,rs4889506,synonymous SNV,16,30780828,30780828,A,G
1074,SETD1A,.,synonymous SNV,16,30977146,30977146,A,C
1075,SETD1A,.,synonymous SNV,16,30977149,30977149,T,C
1076,ZNF668,.,synonymous SNV,16,31072650,31072650,C,T
1077,ZNF668,rs2303223,synonymous SNV,16,31075175,31075175,G,A
1078,KAT8,.,synonymous SNV,16,31139400,31139400,G,T
1079,KAT8,rs1549295,synonymous SNV,16,31141826,31141826,A,G
1080,KAT8,rs1549294,synonymous SNV,16,31141880,31141880,A,G
1081,FUS,rs1052352,synonymous SNV,16,31195279,31195279,C,T
1082,FUS,rs151073460,synonymous SNV,16,31196420,31196420,C,T
1083,CHD9,rs35198193,synonymous SNV,16,53262964,53262964,C,T
1084,CES1,rs748653237,synonymous SNV,16,55853489,55853489,T,C
1085,CES1,rs572986714,synonymous SNV,16,55853495,55853495,G,A
1086,CES1,rs3826194,synonymous SNV,16,55862762,55862762,C,A
1087,NUP93,rs2118017,synonymous SNV,16,56855496,56855496,C,G
1088,SETD6,rs4784046,synonymous SNV,16,58549932,58549932,T,C
1089,SETD6,rs3607,synonymous SNV,16,58552921,58552921,G,A
1090,CDH11,rs28216,synonymous SNV,16,65022114,65022114,C,T
1091,CDH5,rs1130844,synonymous SNV,16,66420885,66420885,C,T
1092,CDH1,rs1801552,synonymous SNV,16,68857441,68857441,T,C
1093,NQO1,rs689453,synonymous SNV,16,69752373,69752373,C,T
1094,DHX38,rs2074626,synonymous SNV,16,72139184,72139184,C,A
1095,ZFHX3,.,synonymous SNV,16,72821381,72821381,A,G
1096,ZFHX3,rs699444,synonymous SNV,16,72827758,72827758,T,C
1097,ZFHX3,rs575011785,synonymous SNV,16,72830455,72830455,A,G
1098,ZFHX3,rs740178,synonymous SNV,16,72832135,72832135,T,A
1099,ZFHX3,rs10852515,synonymous SNV,16,72991660,72991660,C,G
1100,PLCG2,rs1143685,synonymous SNV,16,81819768,81819768,T,C
1101,PLCG2,rs13333716,synonymous SNV,16,81929527,81929527,C,G
1102,PLCG2,rs1071644,synonymous SNV,16,81971403,81971403,T,C
1103,CRK,rs2229075,synonymous SNV,17,1359363,1359363,T,G
1104,SMYD4,rs8067660,synonymous SNV,17,1731268,1731268,T,C
1105,RPA1,rs5030749,synonymous SNV,17,1733399,1733399,A,G
1106,PSMB6,rs3169950,synonymous SNV,17,4699552,4699552,G,A
1107,KIF1C,rs346828,synonymous SNV,17,4926882,4926882,A,G
1108,RABEP1,rs34594998,synonymous SNV,17,5264916,5264916,C,T
1109,RABEP1,rs1143206,synonymous SNV,17,5284698,5284698,A,G
1110,RABEP1,rs1065482,synonymous SNV,17,5284719,5284719,T,C
1111,RABEP1,rs1065483,synonymous SNV,17,5284770,5284770,G,A
1112,NLRP1,rs884367,synonymous SNV,17,5487164,5487164,C,G
1113,C17orf49,rs14309,synonymous SNV,17,6919093,6919093,T,C
1114,DVL2,rs35594616,synonymous SNV,17,7129840,7129840,T,C
1115,DVL2,rs222837,synonymous SNV,17,7132556,7132556,C,T
1116,DVL2,rs222836,synonymous SNV,17,7133162,7133162,G,A
1117,DVL2,rs2074216,synonymous SNV,17,7133609,7133609,G,A
1118,GPS2,rs2292064,synonymous SNV,17,7217463,7217463,T,C
1119,TNK1,rs1554947,synonymous SNV,17,7286266,7286266,C,T
1120,KDM6B,rs11078709,synonymous SNV,17,7750232,7750232,T,C
1121,KDM6B,.,synonymous SNV,17,7750539,7750539,A,C
1122,KDM6B,.,synonymous SNV,17,7751325,7751325,A,C
1123,CHD3,.,synonymous SNV,17,7796607,7796607,C,A
1124,AURKB,rs2241909,synonymous SNV,17,8108339,8108339,G,A
1125,FLCN,rs150752548,synonymous SNV,17,17120410,17120410,G,A
1126,GID4,rs2955355,synonymous SNV,17,17948475,17948475,G,A
1127,MAPK7,rs769168649,synonymous SNV,17,19285518,19285518,A,C
1128,MAPK7,.,synonymous SNV,17,19285524,19285524,T,C
1129,SLC47A2,rs4925042,synonymous SNV,17,19608773,19608773,G,A
1130,SLC47A2,rs4924792,synonymous SNV,17,19617236,19617236,G,T
1131,MAP2K3,rs62057672,synonymous SNV,17,21203934,21203934,G,A
1132,MAP2K3,rs62057673,synonymous SNV,17,21203949,21203949,C,T
1133,MAP2K3,rs2230435,synonymous SNV,17,21204266,21204266,T,C
1134,MAP2K3,rs62057721,synonymous SNV,17,21205460,21205460,C,T
1135,MAP2K3,rs76111309,synonymous SNV,17,21207835,21207835,G,A
1136,MAP2K3,rs2230436,synonymous SNV,17,21207844,21207844,C,T
1137,MAP2K3,rs1657695,synonymous SNV,17,21208413,21208413,C,T
1138,MAP2K3,rs55736474,synonymous SNV,17,21215537,21215537,C,A
1139,MAP2K3,rs56369732,synonymous SNV,17,21215552,21215552,C,T
1140,MAP2K3,rs1657688,synonymous SNV,17,21216846,21216846,G,C
1141,TAOK1,rs508706,synonymous SNV,17,27835138,27835138,C,T
1142,NF1,rs1801052,synonymous SNV,17,29508775,29508775,G,A
1143,NF1,.,synonymous SNV,17,29562730,29562730,C,T
1144,CDK12,.,synonymous SNV,17,37627693,37627693,A,C
1145,CDK12,.,synonymous SNV,17,37627699,37627699,T,C
1146,CDK12,.,synonymous SNV,17,37686927,37686927,T,C
1147,CDK12,.,synonymous SNV,17,37686936,37686936,T,C
1148,GRB7,rs36079893,synonymous SNV,17,37898909,37898909,A,C
1149,IKZF3,rs907092,synonymous SNV,17,37922259,37922259,G,A
1150,PSMD3,rs9916279,synonymous SNV,17,38146154,38146154,T,C
1151,JUP,rs7405731,synonymous SNV,17,39925925,39925925,A,G
1152,WNK4,.,synonymous SNV,17,40946914,40946914,A,C
1153,UBTF,rs2071167,synonymous SNV,17,42287519,42287519,C,T
1154,KAT7,rs4462645,synonymous SNV,17,47888852,47888852,A,G
1155,RNF43,.,synonymous SNV,17,56435643,56435643,G,A
1156,TBX2,rs75743672,synonymous SNV,17,59477903,59477903,C,A
1157,TBX2,rs1057987,synonymous SNV,17,59485555,59485555,C,T
1158,TLK2,rs8078132,synonymous SNV,17,60683503,60683503,A,G
1159,ACE,rs4365,synonymous SNV,17,61574712,61574712,G,A
1160,PSMC5,rs13030,synonymous SNV,17,61908556,61908556,C,T
1161,CD79B,rs2070776,synonymous SNV,17,62007498,62007498,A,G
1162,AXIN2,rs1133683,synonymous SNV,17,63533768,63533768,G,A
1163,AXIN2,rs9915936,synonymous SNV,17,63533789,63533789,T,C
1164,BPTF,.,synonymous SNV,17,65955779,65955779,T,C
1165,MAP2K6,rs1133228,synonymous SNV,17,67513003,67513003,C,A
1166,SOX9,rs2229989,synonymous SNV,17,70118935,70118935,C,T
1167,SOX9,rs929651,synonymous SNV,17,70120111,70120111,G,A
1168,SRSF2,rs237058,synonymous SNV,17,74732507,74732507,A,G
1169,SRSF2,rs237057,synonymous SNV,17,74733099,74733099,G,A
1170,TMC8,rs12452890,synonymous SNV,17,76131070,76131070,G,A
1171,CBX2,rs3751956,synonymous SNV,17,77758484,77758484,G,A
1172,CBX2,rs3751957,synonymous SNV,17,77758691,77758691,G,A
1173,RNF213,rs9908287,synonymous SNV,17,78306308,78306308,C,G
1174,RNF213,rs4890009,synonymous SNV,17,78311508,78311508,G,A
1175,RNF213,rs4890012,synonymous SNV,17,78319380,78319380,G,C
1176,RNF213,rs7216493,synonymous SNV,17,78327358,78327358,G,A
1177,RNF213,rs4889848,synonymous SNV,17,78354661,78354661,C,T
1178,RPTOR,rs61750765,synonymous SNV,17,78519519,78519519,T,C
1179,RPTOR,rs3751945,synonymous SNV,17,78820329,78820329,C,T
1180,RPTOR,rs2289764,synonymous SNV,17,78865546,78865546,T,C
1181,RPTOR,rs2289765,synonymous SNV,17,78865630,78865630,A,G
1182,RPTOR,rs2271603,synonymous SNV,17,78896529,78896529,C,T
1183,RPTOR,rs1567962,synonymous SNV,17,78919558,78919558,C,T
1184,RPTOR,rs4969231,synonymous SNV,17,78921117,78921117,C,T
1185,RPTOR,rs9899178,synonymous SNV,17,78935197,78935197,C,T
1186,AATK,rs8073904,synonymous SNV,17,79095144,79095144,G,A
1187,ACTG1,rs1135989,synonymous SNV,17,79478007,79478007,G,A
1188,ACTG1,rs1139405,synonymous SNV,17,79478019,79478019,G,A
1189,ASPSCR1,rs13087,synonymous SNV,17,79974731,79974731,T,C
1190,CSNK1D,rs56181605,synonymous SNV,17,80209282,80209282,G,A
1191,ZNF750,rs12938126,synonymous SNV,17,80788465,80788465,T,C
1192,ZNF750,rs12948179,synonymous SNV,17,80788492,80788492,A,G
1193,YES1,rs537141,synonymous SNV,18,724612,724612,A,G
1194,SMCHD1,.,synonymous SNV,18,2656110,2656110,C,G
1195,SMCHD1,rs2430853,synonymous SNV,18,2656248,2656248,G,C
1196,PTPRM,rs57391962,synonymous SNV,18,8379296,8379296,C,T
1197,PTPRM,rs593978,synonymous SNV,18,8387195,8387195,G,A
1198,PTPRM,rs593950,synonymous SNV,18,8387219,8387219,G,C
1199,ESCO1,rs973730,synonymous SNV,18,19153494,19153494,C,T
1200,CDH2,rs1041985,synonymous SNV,18,25543387,25543387,G,A
1201,CDH2,rs1220144,synonymous SNV,18,25565082,25565082,A,G
1202,CDH2,rs1628684,synonymous SNV,18,25570228,25570228,G,C
1203,DSC2,rs117812913,synonymous SNV,18,28672067,28672067,T,C
1204,DSG2,rs2230233,synonymous SNV,18,29104698,29104698,C,T
1205,DSG2,rs1042769,synonymous SNV,18,29125854,29125854,A,G
1206,DSG2,rs1791235,synonymous SNV,18,29126670,29126670,T,C
1207,ASXL3,rs772621870,synonymous SNV,18,31325884,31325884,T,C
1208,SETBP1,rs8096662,synonymous SNV,18,42533130,42533130,A,G
1209,TCF4,rs8766,synonymous SNV,18,52895531,52895531,T,C
1210,TCF4,rs143944746,synonymous SNV,18,52901846,52901846,C,G
1211,CDH20,rs12964819,synonymous SNV,18,59166541,59166541,C,T
1212,CDH20,rs595093,synonymous SNV,18,59170304,59170304,C,G
1213,PHLPP1,rs624821,synonymous SNV,18,60562298,60562298,A,T
1214,KDSR,rs2003149,synonymous SNV,18,61022791,61022791,C,T
1215,CDH7,rs8097752,synonymous SNV,18,63489378,63489378,C,T
1216,CNDP2,rs2278159,synonymous SNV,18,72178161,72178161,T,C
1217,NFATC1,rs138155687,synonymous SNV,18,77170446,77170446,G,A
1218,NFATC1,rs2230112,synonymous SNV,18,77171061,77171061,T,G
1219,NFATC1,rs15350,synonymous SNV,18,77211764,77211764,T,C
1220,NFATC1,rs25656,synonymous SNV,18,77227476,77227476,A,G
1221,SHC2,rs61735134,synonymous SNV,19,425182,425182,G,A
1222,TCF3,rs1140828,synonymous SNV,19,1619333,1619333,G,A
1223,TCF3,rs8140,synonymous SNV,19,1619339,1619339,T,C
1224,GNA11,rs758392443,synonymous SNV,19,3115014,3115014,C,T
1225,GNA11,rs4900,synonymous SNV,19,3119239,3119239,C,T
1226,MAP2K2,rs10250,synonymous SNV,19,4101062,4101062,G,T
1227,MAP2K2,rs17851657,synonymous SNV,19,4102449,4102449,G,A
1228,SH3GL1,rs243261,synonymous SNV,19,4362691,4362691,G,C
1229,KDM4B,rs2240678,synonymous SNV,19,5041178,5041178,T,C
1230,KDM4B,rs2613739,synonymous SNV,19,5110794,5110794,A,G
1231,MLLT1,rs753688828,synonymous SNV,19,6222411,6222411,T,G
1232,MLLT1,rs757242551,synonymous SNV,19,6222417,6222417,T,G
1233,MLLT1,rs765170578,synonymous SNV,19,6222423,6222423,T,G
1234,PSPN,rs2304198,synonymous SNV,19,6375831,6375831,G,A
1235,KHSRP,rs1616305,synonymous SNV,19,6415443,6415443,T,C
1236,DNMT1,rs721186,synonymous SNV,19,10265312,10265312,T,C
1237,DNMT1,rs2228613,synonymous SNV,19,10265593,10265593,G,T
1238,DNM2,rs2229920,synonymous SNV,19,10939792,10939792,T,C
1239,SMARCA4,rs7935,synonymous SNV,19,11105608,11105608,T,C
1240,SMARCA4,rs9105,synonymous SNV,19,11169514,11169514,C,T
1241,SMARCA4,rs7275,synonymous SNV,19,11170839,11170839,T,C
1242,LDLR,rs5930,synonymous SNV,19,11224265,11224265,A,G
1243,LDLR,rs688,synonymous SNV,19,11227602,11227602,C,T
1244,LDLR,rs5925,synonymous SNV,19,11230881,11230881,T,C
1245,LDLR,rs5927,synonymous SNV,19,11233941,11233941,A,G
1246,JUNB,rs2229510,synonymous SNV,19,12903059,12903059,C,A
1247,NOTCH3,rs1044008,synonymous SNV,19,15272001,15272001,C,T
1248,NOTCH3,rs1044006,synonymous SNV,19,15285052,15285052,T,C
1249,NOTCH3,rs1043997,synonymous SNV,19,15292437,15292437,T,C
1250,NOTCH3,rs1043996,synonymous SNV,19,15295134,15295134,G,A
1251,NOTCH3,.,synonymous SNV,19,15296399,15296399,G,A
1252,NOTCH3,rs79926127,synonymous SNV,19,15298031,15298031,C,T
1253,NOTCH3,rs1043994,synonymous SNV,19,15302844,15302844,T,C
1254,BRD4,rs201370593,synonymous SNV,19,15366262,15366262,G,A
1255,CYP4F2,rs3093114,synonymous SNV,19,16006413,16006413,G,A
1256,CYP4F2,rs3093106,synonymous SNV,19,16008257,16008257,T,C
1257,PIK3R2,rs273269,synonymous SNV,19,18279638,18279638,T,C
1258,COPE,rs1127821,synonymous SNV,19,19011244,19011244,T,C
1259,MAU2,rs769267,synonymous SNV,19,19446936,19446936,G,A
1260,MAU2,rs2074090,synonymous SNV,19,19449686,19449686,G,T
1261,TSHZ3,rs3745784,synonymous SNV,19,31768416,31768416,A,G
1262,TSHZ3,rs12461253,synonymous SNV,19,31769763,31769763,G,A
1263,TSHZ3,rs28609894,synonymous SNV,19,31770009,31770009,C,T
1264,GPI,rs1801015,synonymous SNV,19,34868642,34868642,A,G
1265,KMT2B,rs767848450,synonymous SNV,19,36211494,36211494,A,C
1266,KMT2B,.,synonymous SNV,19,36211962,36211962,A,C
1267,KMT2B,.,synonymous SNV,19,36212109,36212109,T,C
1268,KMT2B,rs11670414,synonymous SNV,19,36218478,36218478,C,T
1269,KMT2B,rs377743823,synonymous SNV,19,36218637,36218637,C,T
1270,NFKBID,rs73590883,synonymous SNV,19,36387378,36387378,C,G
1271,ZNF607,rs2075284,synonymous SNV,19,38189616,38189616,T,C
1272,RYR1,rs2229139,synonymous SNV,19,38935280,38935280,A,G
1273,RYR1,rs10406027,synonymous SNV,19,38939408,38939408,T,C
1274,RYR1,rs2288888,synonymous SNV,19,38946182,38946182,G,A
1275,RYR1,rs3745847,synonymous SNV,19,38949904,38949904,C,T
1276,RYR1,rs2228069,synonymous SNV,19,38956803,38956803,G,A
1277,RYR1,rs2228070,synonymous SNV,19,38956839,38956839,C,T
1278,RYR1,rs11083462,synonymous SNV,19,38959680,38959680,C,T
1279,ACTN4,rs3745859,synonymous SNV,19,39196745,39196745,C,T
1280,MAP3K10,.,synonymous SNV,19,40698124,40698124,G,A
1281,MAP3K10,rs1129156,synonymous SNV,19,40719076,40719076,T,C
1282,MAP3K10,.,synonymous SNV,19,40719914,40719914,A,C
1283,MAP3K10,rs3746005,synonymous SNV,19,40720079,40720079,C,T
1284,CYP2A6,rs4986892,synonymous SNV,19,41354606,41354606,G,T
1285,CYP2A6,rs79584535,synonymous SNV,19,41354661,41354661,T,C
1286,CYP2A6,rs2302990,synonymous SNV,19,41355849,41355849,A,G
1287,CYP2A6,rs1137115,synonymous SNV,19,41356281,41356281,T,C
1288,CYP2B6,rs2279341,synonymous SNV,19,41509950,41509950,G,C
1289,GSK3A,rs851609,synonymous SNV,19,42736267,42736267,A,G
1290,GSK3A,rs555935460,synonymous SNV,19,42744287,42744287,G,A
1291,ERF,rs11557114,synonymous SNV,19,42753649,42753649,G,C
1292,CIC,rs1052023,synonymous SNV,19,42799049,42799049,C,T
1293,ERCC2,.,synonymous SNV,19,45867710,45867710,G,T
1294,ERCC1,rs11615,synonymous SNV,19,45923653,45923653,A,G
1295,FOSB,rs2282695,synonymous SNV,19,45971961,45971961,C,G
1296,FOXA3,rs16980091,synonymous SNV,19,46375779,46375779,C,T
1297,ARHGAP35,.,synonymous SNV,19,47492883,47492883,T,C
1298,ARHGAP35,.,synonymous SNV,19,47503876,47503876,T,C
1299,LMTK3,.,synonymous SNV,19,49003051,49003051,T,G
1300,FTL,rs2230267,synonymous SNV,19,49469087,49469087,T,C
1301,POLD1,rs2230245,synonymous SNV,19,50909765,50909765,C,T
1302,PPP2R1A,rs10413435,synonymous SNV,19,52729030,52729030,C,T
1303,CNOT3,rs36665,synonymous SNV,19,54649671,54649671,T,C
1304,CNOT3,rs43211,synonymous SNV,19,54652203,54652203,T,C
1305,U2AF2,rs617073,synonymous SNV,19,56180968,56180968,C,T
1306,PEG3;ZIM2,rs1860565,synonymous SNV,19,57335022,57335022,G,A
1307,TRIB3,rs6051637,synonymous SNV,20,371972,371972,T,C
1308,TRIB3,rs6115830,synonymous SNV,20,377226,377226,C,T
1309,GFRA4,rs2853208,synonymous SNV,20,3640823,3640823,C,T
1310,FOXA2,rs1212275,synonymous SNV,20,22562674,22562674,T,C
1311,SSTR4,rs2567609,synonymous SNV,20,23017017,23017017,T,C
1312,SSTR4,rs3746728,synonymous SNV,20,23017044,23017044,C,T
1313,PYGB,rs1130694,synonymous SNV,20,25276297,25276297,G,A
1314,ASXL1,rs4911231,synonymous SNV,20,31024274,31024274,T,C
1315,DNMT3B,rs6058891,synonymous SNV,20,31386347,31386347,T,C
1316,DNMT3B,rs2424922,synonymous SNV,20,31386449,31386449,T,C
1317,SRC,rs1885257,synonymous SNV,20,36030939,36030939,G,C
1318,CHD6,rs41304645,synonymous SNV,20,40126048,40126048,G,A
1319,PTPRT,rs2425516,synonymous SNV,20,41306600,41306600,A,G
1320,MYBL2,rs285162,synonymous SNV,20,42328639,42328639,T,C
1321,YWHAB,rs4931,synonymous SNV,20,43530234,43530234,A,C
1322,ZMYND8,rs2664544,synonymous SNV,20,45853037,45853037,A,G
1323,NCOA3,rs151060280,synonymous SNV,20,46279860,46279860,G,A
1324,CEBPB,rs4253439,synonymous SNV,20,48808011,48808011,C,T
1325,NFATC2,rs6013193,synonymous SNV,20,50092027,50092027,T,G
1326,NFATC2,rs3746420,synonymous SNV,20,50140627,50140627,G,C
1327,ZNF217,rs34495111,synonymous SNV,20,52192408,52192408,C,T
1328,GNAS,rs745982259,synonymous SNV,20,57415800,57415800,G,A
1329,GNAS,rs7121,synonymous SNV,20,57478807,57478807,C,T
1330,PSMA7,rs7076,synonymous SNV,20,60713311,60713311,G,A
1331,PSMA7,rs1135961,synonymous SNV,20,60713332,60713332,A,G
1332,GATA5,rs6061550,synonymous SNV,20,61039958,61039958,T,C
1333,GATA5,rs6061243,synonymous SNV,20,61040453,61040453,C,G
1334,GATA5,rs6587239,synonymous SNV,20,61040951,61040951,C,T
1335,GATA5,rs41305803,synonymous SNV,20,61048549,61048549,G,A
1336,SRMS,rs6122130,synonymous SNV,20,62172219,62172219,G,A
1337,SRMS,rs56130722,synonymous SNV,20,62173562,62173562,G,T
1338,SRMS,rs4809309,synonymous SNV,20,62174724,62174724,G,A
1339,ARFRP1,rs1048665,synonymous SNV,20,62331989,62331989,T,G
1340,TPTE,rs210498,synonymous SNV,21,10906989,10906989,C,T
1341,TPTE,rs468525,synonymous SNV,21,10970017,10970017,C,T
1342,OLIG2,rs762178,synonymous SNV,21,34399401,34399401,A,G
1343,ATP5PO,rs4591,synonymous SNV,21,35281393,35281393,A,G
1344,SETD4,.,synonymous SNV,21,37420680,37420680,A,T
1345,ETS2,rs457705,synonymous SNV,21,40191431,40191431,T,G
1346,ETS2,rs461155,synonymous SNV,21,40191638,40191638,A,G
1347,BRWD1,rs6517529,synonymous SNV,21,40584598,40584598,C,T
1348,TMPRSS2,rs17854725,synonymous SNV,21,42845383,42845383,A,G
1349,TMPRSS2,rs3787950,synonymous SNV,21,42866296,42866296,T,C
1350,RIPK4,rs7276592,synonymous SNV,21,43161022,43161022,C,T
1351,RIPK4,rs2838113,synonymous SNV,21,43161805,43161805,G,A
1352,RIPK4,rs3746893,synonymous SNV,21,43161877,43161877,C,T
1353,RIPK4,rs3746894,synonymous SNV,21,43162150,43162150,G,A
1354,RIPK4,rs2277789,synonymous SNV,21,43164232,43164232,C,A
1355,PRDM15,rs2236696,synonymous SNV,21,43221826,43221826,T,C
1356,PRDM15,rs28477638,synonymous SNV,21,43239972,43239972,A,G
1357,PRDM15,rs2277793,synonymous SNV,21,43267260,43267260,C,T
1358,U2AF1;U2AF1L5,.,synonymous SNV,21,44513287,44513287,G,A
1359,SLC19A1,rs12659,synonymous SNV,21,46951556,46951556,A,G
1360,PRMT2,rs10854485,synonymous SNV,21,48063476,48063476,C,G
1361,IL17RA,rs879576,synonymous SNV,22,17589246,17589246,G,A
1362,COMT,rs4633,synonymous SNV,22,19950235,19950235,C,T
1363,BCR,rs11558697,synonymous SNV,22,23655084,23655084,C,T
1364,ZNRF3,rs1065497,synonymous SNV,22,29279991,29279991,C,T
1365,ZNRF3,rs5997435,synonymous SNV,22,29446611,29446611,A,C
1366,ZNRF3,rs55962108,synonymous SNV,22,29446695,29446695,G,A
1367,EWSR1,.,synonymous SNV,22,29668402,29668402,A,T
1368,CSF2RB,rs1801117,synonymous SNV,22,37329999,37329999,C,T
1369,CSF2RB,rs131840,synonymous SNV,22,37333794,37333794,A,G
1370,IL2RB,rs228953,synonymous SNV,22,37531436,37531436,G,A
1371,SSTR3,rs2071710,synonymous SNV,22,37603021,37603021,G,A
1372,SSTR3,rs229569,synonymous SNV,22,37603051,37603051,C,T
1373,SSTR3,rs86582,synonymous SNV,22,37603390,37603390,C,T
1374,SSTR3,rs86583,synonymous SNV,22,37603744,37603744,C,T
1375,CARD10,rs3817806,synonymous SNV,22,37900771,37900771,A,G
1376,SOX10,rs139884,synonymous SNV,22,38369976,38369976,A,G
1377,EP300,rs20552,synonymous SNV,22,41551039,41551039,T,A
1378,SMC1B,rs136569,synonymous SNV,22,45767455,45767455,A,G
1379,SMC1B,rs6007010,synonymous SNV,22,45782903,45782903,T,C
1380,BRD1,.,synonymous SNV,22,50217753,50217753,A,G
1381,HDAC10,rs1555048,synonymous SNV,22,50688348,50688348,A,G
1382,MAPK12,rs1129880,synonymous SNV,22,50694297,50694297,A,G
1383,MAPK12,rs2272857,synonymous SNV,22,50699668,50699668,A,G
1384,MAPK11,rs2076139,synonymous SNV,22,50704661,50704661,T,C
1385,MAPK11,rs760748,synonymous SNV,22,50705466,50705466,A,G
1386,CRLF2,rs140859855,synonymous SNV,X,1331495,1331495,G,C
1387,TLR8,rs2109135,synonymous SNV,X,12939928,12939928,T,C
1388,ZRSR2,rs2301724,synonymous SNV,X,15838366,15838366,C,T
1389,BCOR,rs5917933,synonymous SNV,X,39933339,39933339,A,G
1390,DDX3X,.,synonymous SNV,X,41205493,41205493,C,T
1391,MAOA,rs1800464,synonymous SNV,X,43571197,43571197,A,C
1392,MAOA,rs6323,synonymous SNV,X,43591036,43591036,G,T
1393,MAOA,rs1137070,synonymous SNV,X,43603391,43603391,T,C
1394,WAS,.,synonymous SNV,X,48547176,48547176,A,C
1395,WAS,.,synonymous SNV,X,48547197,48547197,A,C
1396,SUV39H1,rs781785731,synonymous SNV,X,48558697,48558697,G,A
1397,TFE3,rs3027472,synonymous SNV,X,48888074,48888074,T,C
1398,WNK3,.,synonymous SNV,X,54224991,54224991,T,G
1399,AMER1,.,synonymous SNV,X,63412939,63412939,T,C
1400,ZMYM3,rs2272778,synonymous SNV,X,70460934,70460934,G,A
1401,STAG2,.,synonymous SNV,X,123215311,123215311,C,A
1402,ELF4,rs2181440,synonymous SNV,X,129201179,129201179,C,T
1403,GPC3,rs753210097,synonymous SNV,X,132730547,132730547,G,A
1404,RBMX,rs74509382,synonymous SNV,X,135956370,135956370,G,A
1405,RBMX,rs112800567,synonymous SNV,X,135958696,135958696,T,C
1406,AFF2,rs12011040,synonymous SNV,X,148035200,148035200,G,A
1407,IRAK1,rs1059701,synonymous SNV,X,153284483,153284483,G,A
1408,DKC1,rs2728532,synonymous SNV,X,153994596,153994596,G,T
1409,SPRY3,rs306888,synonymous SNV,X,155004280,155004280,A,G
