,Gene.refGene,avsnp147,Func.refGene,Chr,Start,End,Ref,Alt
1,PERM1;HES4,.,intergenic,1,931393,931393,G,T
2,HES2;ESPN,rs4908892,intergenic,1,6481842,6481842,A,G
3,E2F2;ID3,rs113017925,intergenic,1,23879053,23879053,T,-
4,E2F2;ID3,.,intergenic,1,23879052,23879052,-,T
5,LOC646626;DDAH1,rs2735587,intergenic,1,85746754,85746754,T,C
6,LINC01661;PRMT6,rs1730851,intergenic,1,107596443,107596443,A,G
7,LINC01661;PRMT6,rs9662586,intergenic,1,107597961,107597961,T,C
8,LINC01661;PRMT6,rs1730850,intergenic,1,107597988,107597988,C,T
9,PRMT6;NTNG1,rs1730865,intergenic,1,107605611,107605611,G,T
10,HSD3B1;HSD3BP4,rs10923844,intergenic,1,120059500,120059500,G,A
11,VHLL;CCT3,rs7522860,intergenic,1,156275281,156275281,G,A
12,ASCL5;TMEM9,rs7516023,intergenic,1,201085521,201085521,C,T
13,BTG2;FMOD,rs17534202,intergenic,1,203281175,203281175,G,C
14,OR2T27;OR14I1,rs6686418,intergenic,1,248842986,248842986,G,C
15,OR14I1;LYPD9P,rs1938129,intergenic,1,248852614,248852614,G,T
16,OR14I1;LYPD9P,rs1938128,intergenic,1,248852691,248852691,A,G
17,OR14I1;LYPD9P,rs1892449,intergenic,1,248855612,248855612,C,T
18,OR14I1;LYPD9P,rs28729849,intergenic,1,248856365,248856365,G,A
19,NONE;FAM110C,rs75011129,intergenic,2,29350,29350,G,A
20,NONE;FAM110C,rs4263140,intergenic,2,29422,29422,A,G
21,NONE;FAM110C,rs4637157,intergenic,2,29443,29443,T,C
22,NONE;FAM110C,rs28469191,intergenic,2,29970,29970,T,C
23,NONE;FAM110C,rs6548219,intergenic,2,30762,30762,A,G
24,NONE;FAM110C,rs28433318,intergenic,2,31791,31791,C,T
25,ID2;KIDINS220,rs6709598,intergenic,2,8837017,8837017,A,G
26,PUM2;RHOB,rs2602160,intergenic,2,20645506,20645506,C,T
27,PUM2;RHOB,.,intergenic,2,20645526,20645526,C,T
28,RHOB;LOC107985856,rs342054,intergenic,2,20650965,20650965,T,C
29,LOC442028;MAL,rs4854241,intergenic,2,95659249,95659249,A,G
30,LOC442028;MAL,rs67014278,intergenic,2,95659291,95659291,T,C
31,LOC442028;MAL,rs7582368,intergenic,2,95665733,95665733,C,G
32,LOC442028;MAL,rs17802697,intergenic,2,95667621,95667621,C,A
33,LOC442028;MAL,rs7565772,intergenic,2,95684417,95684417,A,G
34,LOC442028;MAL,rs4241315,intergenic,2,95687104,95687104,A,G
35,HOXD13;HOXD12,rs847158,intergenic,2,176962102,176962102,A,G
36,HOXD12;HOXD11,rs847147,intergenic,2,176970659,176970659,G,A
37,LINC01986;CHL1-AS2,rs6797567,intergenic,3,183023,183023,G,C
38,LINC01986;CHL1-AS2,rs34807518,intergenic,3,183057,183057,-,T
39,LINC01986;CHL1-AS2,rs11128687,intergenic,3,201998,201998,A,C
40,LINC01986;CHL1-AS2,rs1400185,intergenic,3,215871,215871,G,C
41,LINC01986;CHL1-AS2,rs9755822,intergenic,3,225926,225926,C,T
42,LINC01986;CHL1-AS2,.,intergenic,3,225982,225984,TCT,-
43,LRRN1;SETMAR,rs1552662,intergenic,3,4336874,4336874,G,C
44,LRRN1;SETMAR,rs2029597,intergenic,3,4336907,4336907,G,A
45,LRRN1;SETMAR,rs2171018,intergenic,3,4336958,4336958,G,C
46,LRRN1;SETMAR,rs3943074,intergenic,3,4337005,4337005,C,T
47,LRRN1;SETMAR,rs310707,intergenic,3,4340089,4340089,C,T
48,BRK1;VHL,rs776517,intergenic,3,10180557,10180557,G,A
49,BRK1;VHL,rs265318,intergenic,3,10180659,10180659,C,A
50,BRK1;VHL,rs713024,intergenic,3,10181240,10181240,A,G
51,BRK1;VHL,rs71307726,intergenic,3,10181333,10181333,-,T
52,VHL;IRAK2,rs166538,intergenic,3,10198846,10198846,C,T
53,VHL;IRAK2,rs10460972,intergenic,3,10198927,10198927,T,A
54,VHL;IRAK2,.,intergenic,3,10203190,10203194,ACAGA,TCAGT
55,VHL;IRAK2,rs464396,intergenic,3,10203190,10203190,A,T
56,ALAS1;TLR9,rs352162,intergenic,3,52252969,52252969,T,C
57,EPHA3;NONE,rs17026990,intergenic,3,89555257,89555257,A,C
58,EPHA3;NONE,rs73145304,intergenic,3,89568989,89568989,C,T
59,EPHA3;NONE,rs73145310,intergenic,3,89578097,89578097,T,C
60,EPHA3;NONE,rs724972,intergenic,3,89581408,89581408,A,T
61,EPHA3;NONE,rs73145338,intergenic,3,89594767,89594767,C,T
62,PROS1;ARL13B,rs7644769,intergenic,3,93694217,93694217,T,C
63,DLG1-AS1;LINC02012,rs2060089,intergenic,3,197170359,197170359,C,T
64,DLG1-AS1;LINC02012,rs9813086,intergenic,3,197177446,197177446,G,T
65,DLG1-AS1;LINC02012,rs34708133,intergenic,3,197185883,197185883,C,G
66,DLG1-AS1;LINC02012,rs1431500,intergenic,3,197191912,197191912,A,C
67,DLG1-AS1;LINC02012,rs1431501,intergenic,3,197192018,197192018,G,A
68,DLG1-AS1;LINC02012,rs9823855,intergenic,3,197203643,197203643,A,C
69,DLG1-AS1;LINC02012,rs2567350,intergenic,3,197203719,197203719,C,T
70,LINC01097;NKX3-2,.,intergenic,4,13539370,13539373,TTCG,CTCT
71,TLR10;TLR1,rs55903115,intergenic,4,38786474,38786474,C,A
72,TLR1;TLR6,rs5743551,intergenic,4,38807654,38807654,T,C
73,TLR1;TLR6,rs67712706,intergenic,4,38820616,38820616,A,G
74,OCIAD2;CWH43,rs2605272,intergenic,4,48970221,48970221,C,G
75,OCIAD2;CWH43,rs2572357,intergenic,4,48978241,48978241,T,G
76,OCIAD2;CWH43,rs16861606,intergenic,4,48983047,48983047,C,T
77,EPGN;EREG,rs10028285,intergenic,4,75184049,75184049,T,C
78,EPGN;EREG,rs715844,intergenic,4,75186254,75186254,C,T
79,AREG;AREG,rs1691273,intergenic,4,75323645,75323645,C,T
80,AREG;AREG,rs28583397,intergenic,4,75323661,75323661,G,C
81,LINC02508;LINC01262,rs1350181,intergenic,4,190413408,190413408,C,T
82,LINC02508;LINC01262,rs1350182,intergenic,4,190413437,190413437,T,G
83,LINC02508;LINC01262,.,intergenic,4,190413472,190413472,G,A
84,LINC02508;LINC01262,rs10011999,intergenic,4,190426042,190426042,G,A
85,LINC02508;LINC01262,rs1451236,intergenic,4,190432838,190432838,C,T
86,LINC02508;LINC01262,rs2044849,intergenic,4,190435289,190435289,C,A
87,LINC02508;LINC01262,rs2044850,intergenic,4,190435304,190435304,T,C
88,NONE;PLEKHG4B,rs72710810,intergenic,5,75949,75949,C,T
89,NONE;PLEKHG4B,rs4957025,intergenic,5,78954,78954,C,A
90,NONE;PLEKHG4B,rs36078870,intergenic,5,90321,90321,C,-
91,NONE;PLEKHG4B,.,intergenic,5,90320,90320,-,C
92,HCN1;NONE,rs77283327,intergenic,5,45697558,45697558,A,G
93,EMB;PARP8,rs10471414,intergenic,5,49960673,49960673,A,C
94,EMB;PARP8,.,intergenic,5,49960753,49960753,A,-
95,EMB;PARP8,.,intergenic,5,49960752,49960752,-,A
96,HTR1A;RNF180,rs10042486,intergenic,5,63261329,63261329,C,T
97,IL3;CSF2,rs246844,intergenic,5,131401334,131401334,G,A
98,EGR1;ETF1,rs10073397,intergenic,5,137808423,137808423,T,G
99,HTR4;ADRB2,rs1432622,intergenic,5,148203762,148203762,T,C
100,ADRB2;SH3TC2,rs7702861,intergenic,5,148211858,148211858,C,G
101,ADRB2;SH3TC2,.,intergenic,5,148211888,148211889,CT,-
102,CDX1;SLC6A7,rs3776084,intergenic,5,149568093,149568093,G,A
103,RANBP17;TLX3,rs114359008,intergenic,5,170732385,170732385,G,A
104,RANBP17;TLX3,rs2964538,intergenic,5,170732406,170732406,T,C
105,TLX3;SNORA70J,rs2964535,intergenic,5,170740728,170740728,C,G
106,TLX3;SNORA70J,rs2964534,intergenic,5,170741595,170741595,G,A
107,TLX3;SNORA70J,rs33921156,intergenic,5,170741612,170741612,-,T
108,BNIP1;NKX2-5,rs3131916,intergenic,5,172657155,172657155,A,G
109,BNIP1;NKX2-5,.,intergenic,5,172657237,172657237,A,-
110,DRD1;SFXN1,rs267412,intergenic,5,174875472,174875472,A,G
111,LOC285766;DUSP22,rs17133787,intergenic,6,209980,209980,T,C
112,LOC285766;DUSP22,rs9405140,intergenic,6,210023,210023,G,A
113,LINC01622;FOXQ1,rs1437286,intergenic,6,1310739,1310739,T,C
114,LINC01622;FOXQ1,rs1437285,intergenic,6,1310817,1310817,A,G
115,LINC01622;FOXQ1,rs1437284,intergenic,6,1310830,1310830,C,A
116,FOXQ1;FOXF2,rs11242675,intergenic,6,1318878,1318878,C,T
117,FOXQ1;FOXF2,rs6932429,intergenic,6,1318902,1318902,C,T
118,LOC100506885;ID4,rs6919858,intergenic,6,19836015,19836015,G,A
119,HIST1H4B;HIST1H3B,rs1540276,intergenic,6,26028819,26028819,T,G
120,HIST1H4B;HIST1H3B,rs7753253,intergenic,6,26030710,26030710,A,G
121,CDKN1A;RAB44,rs6457938,intergenic,6,36660453,36660453,A,G
122,MTRNR2L9;KHDRBS2,rs1336356,intergenic,6,62387019,62387019,A,G
123,RNGTT;PNRC1,rs9351203,intergenic,6,89787349,89787349,C,T
124,RFX6;VGLL2,rs371858,intergenic,6,117583754,117583754,T,G
125,LINC00574;LOC102724511,rs1413253,intergenic,6,170205510,170205510,G,A
126,LINC00574;LOC102724511,rs761443,intergenic,6,170211883,170211883,T,C
127,NONE;LOC102723672,rs7791938,intergenic,7,81335,81335,C,G
128,NONE;LOC102723672,rs7777705,intergenic,7,81400,81400,G,C
129,NONE;LOC102723672,rs11761575,intergenic,7,82871,82871,G,A
130,NONE;LOC102723672,rs12718067,intergenic,7,82873,82873,T,C
131,NONE;LOC102723672,rs4916953,intergenic,7,85608,85608,T,C
132,NONE;LOC102723672,rs10241883,intergenic,7,85626,85626,G,T
133,TWIST1;FERD3L,rs17436098,intergenic,7,19160782,19160782,T,G
134,STARD3NL;TARP,rs36095681,intergenic,7,38296767,38296768,CA,TG
135,STARD3NL;TARP,.,intergenic,7,38296768,38296768,A,-
136,STARD3NL;TARP,rs11980505,intergenic,7,38296837,38296837,C,T
137,STARD3NL;TARP,rs73692261,intergenic,7,38296856,38296856,T,C
138,STARD3NL;TARP,rs7800029,intergenic,7,38297283,38297283,T,C
139,STARD3NL;TARP,rs35124088,intergenic,7,38297303,38297304,TG,CT
140,TARP;TRG-AS1,rs6966863,intergenic,7,38316769,38316769,G,A
141,TARP;TRG-AS1,rs7782269,intergenic,7,38318590,38318590,A,G
142,TARP;TRG-AS1,rs7782311,intergenic,7,38318664,38318664,A,G
143,TARP;TRG-AS1,rs740821,intergenic,7,38325441,38325441,G,C
144,TARP;TRG-AS1,rs740822,intergenic,7,38325532,38325532,C,A
145,LINC01449;INHBA,rs2108168,intergenic,7,41717826,41717826,C,G
146,LOC105375297;MIR3147,rs4870657,intergenic,7,57453173,57453173,G,A
147,LOC105375297;MIR3147,rs12537631,intergenic,7,57467421,57467421,G,A
148,MIR3147;ZNF716,rs4870662,intergenic,7,57483116,57483116,A,G
149,MIR3147;ZNF716,rs4870619,intergenic,7,57486911,57486911,G,C
150,MIR3147;ZNF716,rs17151735,intergenic,7,57499994,57499994,G,A
151,MIR3147;ZNF716,rs6557580,intergenic,7,57500079,57500079,G,T
152,ZNF679;ZNF736,rs10266483,intergenic,7,63733331,63733331,A,G
153,ZNF679;ZNF736,rs13221291,intergenic,7,63739492,63739492,G,A
154,MTRNR2L6;PRSS1,rs1964986,intergenic,7,142447631,142447631,C,A
155,MTRNR2L6;PRSS1,rs1964987,intergenic,7,142447636,142447636,G,A
156,MTRNR2L6;PRSS1,rs9969188,intergenic,7,142455953,142455953,A,G
157,PRSS1;PRSS3P2,rs4726577,intergenic,7,142462673,142462673,C,G
158,PRSS1;PRSS3P2,rs535981176,intergenic,7,142469259,142469259,A,G
159,SHH;LOC389602,rs208684,intergenic,7,155607157,155607157,C,A
160,NOM1;MNX1,rs62491861,intergenic,7,156795289,156795289,C,T
161,NOM1;MNX1,rs884831,intergenic,7,156795364,156795364,A,T
162,ZNF596;FAM87A,.,intergenic,8,198754,198754,G,T
163,ZNF596;FAM87A,rs11780918,intergenic,8,211977,211977,C,T
164,ZNF596;FAM87A,rs4045955,intergenic,8,219615,219615,C,T
165,ZNF596;FAM87A,rs4045956,intergenic,8,219677,219677,G,A
166,NAT1;NAT2,rs4646241,intergenic,8,18246696,18246696,T,C
167,SLC25A37;NKX3-1,rs4872175,intergenic,8,23534802,23534802,A,G
168,NKX3-1;NKX2-6,rs4871898,intergenic,8,23543809,23543809,T,A
169,NKX3-1;NKX2-6,rs11786738,intergenic,8,23545436,23545436,C,T
170,NKX3-1;NKX2-6,rs11786742,intergenic,8,23545458,23545458,C,T
171,NKX3-1;NKX2-6,rs13248160,intergenic,8,23545543,23545543,T,C
172,NKX3-1;NKX2-6,rs11990531,intergenic,8,23545558,23545558,G,T
173,LINC01605;ZNF703,rs67022507,intergenic,8,37539334,37539334,G,A
174,MOS;PLAG1,rs7015840,intergenic,8,57028107,57028107,A,G
175,MOS;PLAG1,.,intergenic,8,57028208,57028208,A,G
176,MOS;PLAG1,.,intergenic,8,57028218,57028218,T,-
177,MOS;PLAG1,.,intergenic,8,57028218,57028219,TT,-
178,MOS;PLAG1,rs755247406,intergenic,8,57028217,57028217,-,T
179,MOS;PLAG1,.,intergenic,8,57028217,57028217,-,TT
180,MOS;PLAG1,rs16920382,intergenic,8,57031401,57031401,G,T
181,VXN;MYBL1,rs4463406,intergenic,8,67451184,67451184,A,G
182,CASC8;CASC11,rs13250163,intergenic,8,128681643,128681643,C,T
183,CASC8;CASC11,.,intergenic,8,128697674,128697674,-,CAGCAT
184,CASC8;CASC11,rs4565425,intergenic,8,128697723,128697723,A,G
185,CASC8;CASC11,rs7820252,intergenic,8,128704395,128704395,T,A
186,CASC8;CASC11,rs10109160,intergenic,8,128704458,128704458,A,G
187,CBWD1;DOCK8-AS1,rs522747,intergenic,9,211472,211472,A,T
188,MTAP;CDKN2A-DT,rs56213153,intergenic,9,21901618,21901618,C,A
189,MTAP;CDKN2A-DT,rs7041637,intergenic,9,21961866,21961866,C,A
190,NDUFB6;TAF1L,rs616239,intergenic,9,32614523,32614523,T,G
191,TAF1L;TMEM215,rs2889350,intergenic,9,32647760,32647760,G,C
192,IGFBPL1;FAM95C,rs2381872,intergenic,9,38432833,38432833,G,C
193,IGFBPL1;FAM95C,.,intergenic,9,38440323,38440323,T,-
194,IGFBPL1;FAM95C,rs6476705,intergenic,9,38440410,38440410,A,G
195,FKTN;TAL2,rs10816292,intergenic,9,108423366,108423366,T,G
196,FKTN;TAL2,rs112008265,intergenic,9,108423417,108423417,T,C
197,TAL2;TMEM38B,rs482378,intergenic,9,108426735,108426735,T,G
198,TAL2;TMEM38B,rs1463983,intergenic,9,108426784,108426784,T,C
199,TAL2;TMEM38B,rs113956463,intergenic,9,108426840,108426840,T,G
200,LINC01509;KLF4,rs10816518,intergenic,9,110243031,110243031,C,A
201,KLF4;ACTL7B,rs10978886,intergenic,9,110259324,110259324,A,T
202,MTRNR2L7;ZNF248,rs289647,intergenic,10,37968278,37968278,A,G
203,MTRNR2L7;ZNF248,rs289649,intergenic,10,37975384,37975384,T,C
204,MTRNR2L7;ZNF248,rs1814077,intergenic,10,37992018,37992018,G,C
205,MTRNR2L7;ZNF248,rs2145487,intergenic,10,38010077,38010077,A,G
206,NHLRC2;ADRB1,rs2773469,intergenic,10,115798895,115798895,A,G
207,SPRN;SCART1,rs2249414,intergenic,10,135256620,135256620,A,G
208,SPRN;SCART1,rs2249546,intergenic,10,135258147,135258147,C,T
209,SCART1;CYP2E1,rs3975609,intergenic,10,135288780,135288783,CTCA,-
210,SCART1;CYP2E1,rs2149618,intergenic,10,135288814,135288814,G,T
211,RBMXL2;MIR302E,rs4758160,intergenic,11,7114755,7114755,A,G
212,CYP2R1;CALCA,rs10766197,intergenic,11,14921880,14921880,G,A
213,LINC02729;MYOD1,rs12785942,intergenic,11,17732681,17732681,A,G
214,LINC02729;MYOD1,.,intergenic,11,17732695,17732698,TTGT,GTGA
215,LINC02729;MYOD1,rs71454426,intergenic,11,17732741,17732742,TA,CG
216,LINC02729;MYOD1,rs2526552,intergenic,11,17732836,17732836,A,G
217,LINC02729;MYOD1,rs2526551,intergenic,11,17736848,17736848,A,C
218,FANCF;GAS2,rs7112345,intergenic,11,22648806,22648806,A,G
219,OR8K3;OR8K1,.,intergenic,11,56103413,56103413,T,-
220,OR8K3;OR8K1,rs767785727,intergenic,11,56103412,56103412,-,T
221,OR8K3;OR8K1,.,intergenic,11,56103509,56103509,A,-
222,OR8U1;OR5AL1,rs10896319,intergenic,11,56157829,56157829,A,T
223,SDHAF2;PPP1R32,rs720891,intergenic,11,61215619,61215619,G,T
224,FGF4;FGF3,rs4121890,intergenic,11,69592714,69592714,T,C
225,FGF4;FGF3,rs3886167,intergenic,11,69592748,69592748,A,T
226,FGF4;FGF3,rs9330207,intergenic,11,69592814,69592814,A,G
227,FGF4;FGF3,rs201486108,intergenic,11,69592836,69592837,TT,-
228,FADD;PPFIA1,rs7939734,intergenic,11,70054945,70054945,T,A
229,PHOX2A;CLPB,rs677685,intergenic,11,71956899,71956899,C,G
230,SDHD;IL18,rs498547,intergenic,11,111972656,111972656,T,C
231,LINC02714;LOC100507548,rs10894875,intergenic,11,134635102,134635102,C,T
232,LINC02714;LOC100507548,rs1289504,intergenic,11,134651908,134651908,A,G
233,LINC02714;LOC100507548,rs1289503,intergenic,11,134651957,134651957,C,A
234,LINC02714;LOC100507548,rs11224019,intergenic,11,134664976,134664976,T,C
235,LINC02714;LOC100507548,rs7116815,intergenic,11,134672036,134672036,A,G
236,LINC02714;LOC100507548,rs12807278,intergenic,11,134672128,134672128,G,A
237,FGF23;FGF6,rs6489536,intergenic,12,4491909,4491909,G,C
238,GPR19;CDKN1B,rs3759216,intergenic,12,12868086,12868086,G,A
239,YARS2;PKP2,rs10506101,intergenic,12,32930378,32930378,C,T
240,YARS2;PKP2,rs4931037,intergenic,12,32933361,32933361,G,A
241,YARS2;PKP2,rs6488085,intergenic,12,32940023,32940023,T,C
242,WNT10B;WNT1,rs4760662,intergenic,12,49370857,49370857,G,A
243,ASCL4;LOC728739,rs4142771,intergenic,12,108172143,108172143,A,G
244,ASCL4;LOC728739,rs11113474,intergenic,12,108173147,108173147,C,T
245,ASCL4;LOC728739,rs1816009,intergenic,12,108174205,108174205,G,A
246,TPTE2;LINC00350,rs2045537,intergenic,13,20138930,20138930,A,G
247,TPTE2;LINC00350,rs2497209,intergenic,13,20149108,20149108,T,C
248,RB1;RCBTB2,rs990814,intergenic,13,49059577,49059577,C,T
249,LINC01080;SPRY2,rs12876395,intergenic,13,80901939,80901939,G,A
250,SPRY2;LINC00377,rs7981906,intergenic,13,80916856,80916856,C,A
251,SPRY2;LINC00377,rs541731,intergenic,13,80919712,80919712,C,T
252,GPR180;LOC101927248,rs7989197,intergenic,13,95353053,95353053,A,G
253,NKX2-1-AS1;NKX2-8,rs11623992,intergenic,14,36994398,36994398,T,C
254,NKX2-1-AS1;NKX2-8,rs177327,intergenic,14,37047798,37047798,A,T
255,NKX2-1-AS1;NKX2-8,rs177326,intergenic,14,37047819,37047819,T,C
256,NKX2-8;PAX9,rs35855456,intergenic,14,37055565,37055565,A,G
257,MIPOL1;FOXA1,rs77246626,intergenic,14,38033586,38033586,G,C
258,MIPOL1;FOXA1,.,intergenic,14,38048121,38048121,A,-
259,MIPOL1;FOXA1,rs200610834,intergenic,14,38048120,38048120,-,A
260,MIPOL1;FOXA1,rs7161228,intergenic,14,38055123,38055123,G,C
261,LINC00517;SSTR1,rs1952787,intergenic,14,38395468,38395468,C,T
262,LINC00517;SSTR1,rs10149082,intergenic,14,38510523,38510523,A,G
263,LINC00517;SSTR1,.,intergenic,14,38510653,38510653,T,-
264,TMED10;FOS,rs932257,intergenic,14,75744304,75744304,T,G
265,FOS;LINC01220,rs4645874,intergenic,14,75750200,75750200,T,C
266,TCL6;TCL1B,rs1748952,intergenic,14,96151684,96151684,A,G
267,LINC02298;JAG2,rs909236,intergenic,14,105606156,105606156,C,T
268,JAG2;NUDT14,rs4146329,intergenic,14,105636545,105636545,T,A
269,JAG2;NUDT14,rs4146328,intergenic,14,105636587,105636587,G,A
270,FAM30A;ADAM6,rs8003816,intergenic,14,106416884,106416884,T,C
271,FAM30A;ADAM6,rs11849300,intergenic,14,106418099,106418099,C,T
272,FAM30A;ADAM6,rs35351694,intergenic,14,106433362,106433362,C,G
273,FAM30A;ADAM6,rs35755487,intergenic,14,106434778,106434778,G,C
274,ADAM6;LINC00226,rs35226471,intergenic,14,106466041,106466041,C,T
275,ADAM6;LINC00226,rs34641660,intergenic,14,106466059,106466059,T,G
276,ADAM6;LINC00226,rs34391782,intergenic,14,106466071,106466071,G,A
277,ADAM6;LINC00226,rs35209356,intergenic,14,106466137,106466137,C,T
278,ADAM6;LINC00226,rs66929563,intergenic,14,106483948,106483948,T,G
279,ADAM6;LINC00226,rs60044733,intergenic,14,106483957,106483957,C,T
280,ADAM6;LINC00226,rs72717245,intergenic,14,106484034,106484034,C,A
281,ADAM6;LINC00226,rs67618111,intergenic,14,106484048,106484048,G,T
282,ADAM6;LINC00226,.,intergenic,14,106484062,106484062,-,G
283,ADAM6;LINC00226,rs35570742,intergenic,14,106484139,106484139,A,G
284,ADAM6;LINC00226,rs72693984,intergenic,14,106572892,106572892,G,A
285,ADAM6;LINC00226,rs10484076,intergenic,14,106576985,106576985,A,G
286,ADAM6;LINC00226,rs974472,intergenic,14,106577089,106577089,T,G
287,ADAM6;LINC00226,rs7151019,intergenic,14,106580658,106580658,G,T
288,CLEC16A;SOCS1,rs166057,intergenic,16,11343932,11343932,T,C
289,CLEC16A;SOCS1,rs149597,intergenic,16,11343942,11343942,C,G
290,SOCS1;TNP2,.,intergenic,16,11351066,11351066,C,T
291,VKORC1;BCKDK,rs9923231,intergenic,16,31107689,31107689,C,T
292,FOXL1;LINC02189,rs149670957,intergenic,16,86616572,86616572,C,T
293,FOXL1;LINC02189,rs7194142,intergenic,16,86616638,86616638,T,C
294,FOXL1;LINC02189,rs12711457,intergenic,16,86616886,86616886,G,A
295,FOXL1;LINC02189,rs57525774,intergenic,16,86616977,86616977,A,C
296,MRM3;NXN,rs592294,intergenic,17,700998,700998,A,G
297,MFAP4;RNF112,rs7502682,intergenic,17,19295450,19295450,G,T
298,HOXB13;TTLL6,rs1320283,intergenic,17,46807134,46807134,C,T
299,CBX8;LINC01977,.,intergenic,17,77773425,77773428,TCCT,-
300,GATA6;CTAGE1,rs11081823,intergenic,18,19790812,19790812,T,A
301,GATA6;CTAGE1,rs11873362,intergenic,18,19790884,19790884,T,C
302,DUS3L;NRTN,rs373273010,intergenic,19,5822316,5822317,GC,AT
303,KEAP1;S1PR5,rs62131895,intergenic,19,10616403,10616403,T,C
304,PLPPR2;SWSAP1,rs143639268,intergenic,19,11484238,11484239,GT,-
305,SLC7A10;CEBPA,rs874966,intergenic,19,33789397,33789397,A,G
306,NKX2-4;NKX2-2,rs720324,intergenic,20,21380772,21380772,C,A
307,NKX2-4;NKX2-2,rs548924506,intergenic,20,21380806,21380806,G,C
308,SYNDIG1;CST7,rs35129087,intergenic,20,24649665,24649665,A,G
309,SYNDIG1;CST7,rs35737177,intergenic,20,24649705,24649705,C,T
310,SYNDIG1;CST7,rs6049854,intergenic,20,24654311,24654311,A,G
311,SYNDIG1;CST7,rs8117582,intergenic,20,24654354,24654354,C,A
312,SYNDIG1;CST7,rs6049874,intergenic,20,24659571,24659571,G,A
313,DEFB119;DEFB121,rs765736,intergenic,20,29981907,29981907,T,C
314,DEFB119;DEFB121,rs765735,intergenic,20,29981933,29981933,T,A
315,MYBL2;GTSF1L,rs285177,intergenic,20,42346207,42346207,T,G
316,MYBL2;GTSF1L,rs285178,intergenic,20,42346231,42346231,C,T
317,CEBPB;SMIM25,rs4253445,intergenic,20,48810812,48810812,T,C
318,ANKRD20A11P;LIPI,rs7278701,intergenic,21,15448740,15448740,T,C
319,ANKRD20A11P;LIPI,rs7282231,intergenic,21,15448818,15448818,G,A
320,ANKRD20A11P;LIPI,rs58106611,intergenic,21,15454564,15454564,A,G
321,ANKRD20A11P;LIPI,rs2822397,intergenic,21,15454603,15454603,G,C
322,ANKRD20A11P;LIPI,rs6516605,intergenic,21,15456628,15456628,C,G
323,ANKRD20A11P;LIPI,rs4816941,intergenic,21,15463045,15463045,G,A
324,ANKRD20A11P;LIPI,rs4816942,intergenic,21,15463073,15463073,G,A
325,ANKRD20A11P;LIPI,rs10854278,intergenic,21,15467428,15467428,G,A
326,ANKRD20A11P;LIPI,rs10854279,intergenic,21,15467447,15467447,T,G
327,ANKRD20A11P;LIPI,rs11087909,intergenic,21,15467533,15467533,G,A
328,ANKRD20A11P;LIPI,rs11087910,intergenic,21,15467570,15467570,A,G
329,ANKRD20A11P;LIPI,rs12151975,intergenic,21,15467620,15467620,T,G
330,MIR650;MIR5571,rs6003335,intergenic,22,23180907,23180907,C,T
331,MIR650;MIR5571,.,intergenic,22,23191498,23191498,C,T
332,MIR650;MIR5571,rs415629,intergenic,22,23191525,23191525,C,T
333,MIR650;MIR5571,rs383648,intergenic,22,23193123,23193123,T,C
334,MIR650;MIR5571,rs437167,intergenic,22,23195777,23195777,A,C
335,MIR650;MIR5571,rs437186,intergenic,22,23195803,23195803,A,G
336,MIR650;MIR5571,rs915902,intergenic,22,23197441,23197441,C,T
337,MIR650;MIR5571,rs915903,intergenic,22,23197522,23197522,G,A
338,MIR650;MIR5571,rs2106269,intergenic,22,23210704,23210704,C,T
339,MIR650;MIR5571,rs5759498,intergenic,22,23220481,23220481,T,C
340,MIR650;MIR5571,rs5751558,intergenic,22,23220565,23220565,G,A
341,MIR650;MIR5571,rs760993455,intergenic,22,23225354,23225354,G,A
342,MIR650;MIR5571,rs6003358,intergenic,22,23225370,23225370,C,G
343,MAPK11;PLXNB2,rs909692,intergenic,22,50710633,50710633,C,G
344,MAGEB1;NR0B1,rs2902884,intergenic,X,30294933,30294933,C,T
345,MAGEB1;NR0B1,rs4829423,intergenic,X,30311439,30311439,G,A
346,EDA2R;AR,rs650559,intergenic,X,65884975,65884975,G,C
