,Gene.refGene,avsnp147,ExonicFunc.refGene,Chr,Start,End,Ref,Alt
1,HES4,rs2298214,nonsynonymous SNV,1,935222,935222,C,A
2,CDK11B,rs200227742,nonsynonymous SNV,1,1575784,1575784,C,T
3,CDK11A,rs6658335,nonsynonymous SNV,1,1638994,1638994,C,T
4,CDK11A;CDK11B,rs1137003,nonsynonymous SNV,1,1650787,1650787,T,C
5,CDK11A;CDK11B,rs72909030,nonsynonymous SNV,1,1650832,1650832,A,G
6,CDK11A;CDK11B,rs1059831,nonsynonymous SNV,1,1650845,1650845,G,A
7,SKI,.,nonsynonymous SNV,1,2160735,2160735,T,A
8,TNFRSF14,rs4870,nonsynonymous SNV,1,2488153,2488153,A,G
9,TNFRSF14,.,nonsynonymous SNV,1,2489247,2489247,C,G
10,PRDM16,rs870124,nonsynonymous SNV,1,3328358,3328358,T,C
11,PRDM16,rs2493292,nonsynonymous SNV,1,3328659,3328659,C,T
12,CHD5,rs2843493,nonsynonymous SNV,1,6184092,6184092,A,G
13,CAMTA1,rs3810982,nonsynonymous SNV,1,6947717,6947717,C,T
14,CAMTA1,.,nonsynonymous SNV,1,7797043,7797043,G,A
15,MTOR,.,nonsynonymous SNV,1,11190687,11190687,C,T
16,PRDM2,.,nonsynonymous SNV,1,14068537,14068537,C,T
17,PRDM2,rs142176469,nonsynonymous SNV,1,14105605,14105605,A,G
18,PRDM2,.,nonsynonymous SNV,1,14107256,14107256,T,C
19,PRDM2,rs1046331,nonsynonymous SNV,1,14143003,14143003,A,G
20,SPEN,.,nonsynonymous SNV,1,16258731,16258731,A,G
21,SPEN,rs776474446,nonsynonymous SNV,1,16262465,16262465,A,C
22,SPEN,rs769360962,nonsynonymous SNV,1,16262471,16262471,A,C
23,SPEN,rs375130938,nonsynonymous SNV,1,16262538,16262538,G,A
24,EPHA2,rs758092063,nonsynonymous SNV,1,16474995,16474995,G,A
25,KDM1A,.,nonsynonymous SNV,1,23405608,23405608,C,T
26,ID3,rs11574,nonsynonymous SNV,1,23885498,23885498,T,C
27,RUNX3,rs6672420,nonsynonymous SNV,1,25291010,25291010,A,T
28,EXTL1,rs2736831,nonsynonymous SNV,1,26357656,26357656,C,A
29,CNKSR1,rs1045105,nonsynonymous SNV,1,26515956,26515956,C,A
30,ARID1A,.,nonsynonymous SNV,1,27089757,27089757,G,A
31,MAP3K6,rs1138294,nonsynonymous SNV,1,27688633,27688633,G,A
32,CSF3R,rs3918018,nonsynonymous SNV,1,36937878,36937878,C,T
33,ZC3H12A,rs17849897,nonsynonymous SNV,1,37949052,37949052,G,A
34,MYCL,rs3134614,nonsynonymous SNV,1,40363054,40363054,G,C
35,MPL,rs12731981,nonsynonymous SNV,1,43804340,43804340,G,A
36,ARTN,rs2242637,nonsynonymous SNV,1,44401384,44401384,A,G
37,PTCH2,rs147284320,nonsynonymous SNV,1,45294261,45294261,C,T
38,MUTYH,rs3219489,nonsynonymous SNV,1,45797505,45797505,C,G
39,MUTYH,rs750592289,nonsynonymous SNV,1,45798458,45798458,G,A
40,MAST2,rs11211247,nonsynonymous SNV,1,46476587,46476587,T,G
41,MAST2,rs1707336,nonsynonymous SNV,1,46493460,46493460,T,G
42,MAST2,rs372773622,nonsynonymous SNV,1,46498353,46498353,G,A
43,MAST2,rs1052607,nonsynonymous SNV,1,46499526,46499526,A,G
44,MAST2,rs33931638,nonsynonymous SNV,1,46500251,46500251,G,A
45,MAST2,rs1052610,nonsynonymous SNV,1,46500993,46500993,A,G
46,LOC110117498-PIK3R3;PIK3R3,rs785467,nonsynonymous SNV,1,46521559,46521559,A,T
47,CMPK1,rs7543016,nonsynonymous SNV,1,47799639,47799639,G,C
48,GLIS1,rs35227000,nonsynonymous SNV,1,54060016,54060016,G,C
49,GLIS1,rs4307514,nonsynonymous SNV,1,54060248,54060248,T,C
50,PCSK9,rs562556,nonsynonymous SNV,1,55524237,55524237,G,A
51,PCSK9,rs505151,nonsynonymous SNV,1,55529187,55529187,G,A
52,CYP2J2,rs200652429,nonsynonymous SNV,1,60366750,60366750,G,A
53,JAK1,.,nonsynonymous SNV,1,65307227,65307227,C,T
54,LEPR,rs267598692,nonsynonymous SNV,1,66058440,66058440,C,T
55,IL23R,rs1884444,nonsynonymous SNV,1,67633812,67633812,G,T
56,IL23R,rs7530511,nonsynonymous SNV,1,67685387,67685387,T,C
57,IL23R,rs11209026,nonsynonymous SNV,1,67705958,67705958,G,A
58,MSH4,rs5745325,nonsynonymous SNV,1,76269460,76269460,G,A
59,BCL10,.,nonsynonymous SNV,1,85736457,85736457,T,C
60,BCL10,rs12037217,nonsynonymous SNV,1,85742023,85742023,C,A
61,RBMXL1,rs112636230,nonsynonymous SNV,1,89449390,89449390,T,C
62,BRDT,rs10783071,nonsynonymous SNV,1,92428495,92428495,C,A
63,BRDT,rs10747493,nonsynonymous SNV,1,92457843,92457843,C,T
64,DPYD,rs1801265,nonsynonymous SNV,1,98348885,98348885,G,A
65,VAV3,rs7528153,nonsynonymous SNV,1,108307727,108307727,T,A
66,CSF1,rs1058885,nonsynonymous SNV,1,110466466,110466466,T,C
67,CSF1,rs333971,nonsynonymous SNV,1,110466709,110466709,T,C
68,WNT2B,rs773753315,nonsynonymous SNV,1,113059035,113059035,G,A
69,TRIM33,rs6537825,nonsynonymous SNV,1,114948281,114948281,A,G
70,NGF,rs6330,nonsynonymous SNV,1,115829313,115829313,G,A
71,NOTCH2,rs61788900,nonsynonymous SNV,1,120572547,120572547,T,C
72,NOTCH2,rs61788901,nonsynonymous SNV,1,120572572,120572572,C,T
73,NOTCH2,rs11810554,nonsynonymous SNV,1,120611964,120611964,G,C
74,NOTCH2NLA;NOTCH2NLB;NOTCH2NLC,rs10910779,nonsynonymous SNV,1,145273345,145273345,T,C
75,NOTCH2NLA;NOTCH2NLB;NOTCH2NLC,rs3927729,nonsynonymous SNV,1,145281408,145281408,C,T
76,NOTCH2NLA;NOTCH2NLB;NOTCH2NLC,rs8002,nonsynonymous SNV,1,145281543,145281543,C,T
77,NOTCH2NLA;NOTCH2NLB;NOTCH2NLC,rs12120756,nonsynonymous SNV,1,145281613,145281613,C,A
78,NOTCH2NLA;NOTCH2NLB;NOTCH2NLC,rs28576333,nonsynonymous SNV,1,145281633,145281633,C,A
79,NOTCH2NLA;NOTCH2NLB;NOTCH2NLC,rs4649852,nonsynonymous SNV,1,145281656,145281656,A,T
80,CHD1L,rs4950394,nonsynonymous SNV,1,146767149,146767149,G,T
81,MCL1,rs11580946,nonsynonymous SNV,1,150551327,150551327,G,A
82,CTSS,rs2230061,nonsynonymous SNV,1,150727539,150727539,G,A
83,SETDB1,.,nonsynonymous SNV,1,150912422,150912422,C,T
84,PSMB4,rs115066321,nonsynonymous SNV,1,151372131,151372131,G,A
85,FLG,rs77422831,nonsynonymous SNV,1,152276149,152276149,C,T
86,FLG,rs55707024,nonsynonymous SNV,1,152276282,152276282,C,G
87,FLG,rs75448155,nonsynonymous SNV,1,152276459,152276459,C,T
88,FLG,rs12083389,nonsynonymous SNV,1,152276583,152276583,C,G
89,FLG,rs3126075,nonsynonymous SNV,1,152276626,152276626,G,C
90,FLG,rs7518080,nonsynonymous SNV,1,152276671,152276671,C,T
91,FLG,rs12728605,nonsynonymous SNV,1,152276699,152276699,A,G
92,FLG,rs72697000,nonsynonymous SNV,1,152276772,152276772,C,A
93,FLG,rs2065955,nonsynonymous SNV,1,152277055,152277055,C,G
94,FLG,rs35621145,nonsynonymous SNV,1,152277554,152277554,G,A
95,FLG,rs2065958,nonsynonymous SNV,1,152278049,152278049,A,C
96,FLG,rs80221306,nonsynonymous SNV,1,152278555,152278555,T,C
97,FLG,rs2184952,nonsynonymous SNV,1,152278814,152278814,C,T
98,FLG,rs11582087,nonsynonymous SNV,1,152278856,152278856,T,G
99,FLG,rs3126072,nonsynonymous SNV,1,152279729,152279729,C,T
100,FLG,rs3126074,nonsynonymous SNV,1,152279841,152279841,G,C
101,FLG,rs55650366,nonsynonymous SNV,1,152279920,152279920,A,G
102,FLG,rs71625200,nonsynonymous SNV,1,152280032,152280032,T,C
103,FLG,rs71625201,nonsynonymous SNV,1,152280170,152280170,C,G
104,FLG,rs139476473,nonsynonymous SNV,1,152280347,152280347,C,T
105,FLG,rs78179835,nonsynonymous SNV,1,152280471,152280471,C,G
106,FLG,rs150122015,nonsynonymous SNV,1,152280559,152280559,T,C
107,FLG,rs2184953,nonsynonymous SNV,1,152280782,152280782,A,G
108,FLG,rs66954353,nonsynonymous SNV,1,152280788,152280788,T,G
109,FLG,rs74129452,nonsynonymous SNV,1,152280900,152280900,T,G
110,FLG,rs7522925,nonsynonymous SNV,1,152281039,152281039,G,A
111,FLG,rs7546186,nonsynonymous SNV,1,152281228,152281228,C,G
112,FLG,rs7512857,nonsynonymous SNV,1,152281304,152281304,A,C
113,FLG,rs71626704,nonsynonymous SNV,1,152281317,152281317,G,T
114,FLG,rs3126079,nonsynonymous SNV,1,152281479,152281479,G,T
115,FLG,rs80059102,nonsynonymous SNV,1,152281523,152281523,A,C
116,FLG,rs113544881,nonsynonymous SNV,1,152281534,152281534,A,T
117,FLG,rs12407748,nonsynonymous SNV,1,152281690,152281690,C,T
118,FLG,rs36006086,nonsynonymous SNV,1,152281691,152281691,G,A
119,FLG,rs62623409,nonsynonymous SNV,1,152281745,152281745,G,T
120,FLG,rs12405241,nonsynonymous SNV,1,152281948,152281948,G,A
121,FLG,rs778942937,nonsynonymous SNV,1,152282092,152282092,T,C
122,FLG,rs12405278,nonsynonymous SNV,1,152282267,152282267,G,A
123,FLG,rs12407807,nonsynonymous SNV,1,152282311,152282311,C,T
124,FLG,rs12750081,nonsynonymous SNV,1,152282794,152282794,G,A
125,FLG,rs71626706,nonsynonymous SNV,1,152282910,152282910,G,C
126,FLG,rs11204978,nonsynonymous SNV,1,152282917,152282917,G,T
127,FLG,rs11586631,nonsynonymous SNV,1,152283283,152283283,C,T
128,FLG,rs58001094,nonsynonymous SNV,1,152283862,152283862,G,C
129,FLG,rs12756586,nonsynonymous SNV,1,152284424,152284424,G,C
130,FLG,rs147308729,nonsynonymous SNV,1,152284996,152284996,C,T
131,FLG,rs74129461,nonsynonymous SNV,1,152285099,152285099,C,T
132,FLG,rs7512779,nonsynonymous SNV,1,152285181,152285181,G,T
133,FLG,rs11584340,nonsynonymous SNV,1,152285930,152285930,G,A
134,FLG,rs2011331,nonsynonymous SNV,1,152286002,152286002,T,C
135,FLG,rs11588170,nonsynonymous SNV,1,152286032,152286032,C,T
136,FLG,rs747346891,nonsynonymous SNV,1,152286254,152286254,C,T
137,FLG,rs41267154,nonsynonymous SNV,1,152286367,152286367,C,A
138,CRTC2,rs11264680,nonsynonymous SNV,1,153926078,153926078,T,C
139,CREB3L4,rs11264743,nonsynonymous SNV,1,153941514,153941514,C,T
140,IL6R,rs2228145,nonsynonymous SNV,1,154426970,154426970,A,C
141,SHC1,rs140122961,nonsynonymous SNV,1,154942773,154942773,C,T
142,ASH1L,rs4971053,nonsynonymous SNV,1,155408635,155408635,T,C
143,RIT1,rs493446,nonsynonymous SNV,1,155880573,155880573,C,G
144,IQGAP3,rs744224,nonsynonymous SNV,1,156518379,156518379,G,A
145,IQGAP3,rs11264498,nonsynonymous SNV,1,156526387,156526387,C,G
146,IQGAP3,rs2488269,nonsynonymous SNV,1,156526444,156526444,T,C
147,HDGF,rs4399146,nonsynonymous SNV,1,156713558,156713558,G,A
148,PEAR1,rs1952294,nonsynonymous SNV,1,156877457,156877457,T,C
149,PEAR1,rs11264581,nonsynonymous SNV,1,156883493,156883493,G,A
150,PEAR1,rs12137505,nonsynonymous SNV,1,156883546,156883546,A,G
151,ETV3L,rs756129526,nonsynonymous SNV,1,157062640,157062640,G,A
152,PBX1,rs2275558,nonsynonymous SNV,1,164529120,164529120,G,A
153,ABL2,rs1318056,nonsynonymous SNV,1,179112145,179112145,C,G
154,PTGS2,.,nonsynonymous SNV,1,186644428,186644428,C,T
155,CACNA1S,rs12139527,nonsynonymous SNV,1,201009182,201009182,A,G
156,CACNA1S,rs13374149,nonsynonymous SNV,1,201012484,201012484,C,T
157,CACNA1S,rs3850625,nonsynonymous SNV,1,201016296,201016296,G,A
158,LGR6,rs788795,nonsynonymous SNV,1,202287206,202287206,T,C
159,TRAF3IP3,rs669694,nonsynonymous SNV,1,209950760,209950760,C,G
160,SMYD2,rs1134647,nonsynonymous SNV,1,214492286,214492286,G,A
161,TLR5,rs7512943,nonsynonymous SNV,1,223283910,223283910,A,G
162,TLR5,rs5744174,nonsynonymous SNV,1,223284528,223284528,A,G
163,TLR5,rs2072493,nonsynonymous SNV,1,223284599,223284599,T,C
164,ITPKB,rs708776,nonsynonymous SNV,1,226923505,226923505,G,T
165,ITPKB,rs6667260,nonsynonymous SNV,1,226923938,226923938,A,C
166,ITPKB,rs3754415,nonsynonymous SNV,1,226924642,226924642,C,T
167,JMJD4,rs3087908,nonsynonymous SNV,1,227920103,227920103,G,A
168,JMJD4,rs2295994,nonsynonymous SNV,1,227922918,227922918,A,C
169,JMJD4,rs7419238,nonsynonymous SNV,1,227923081,227923081,G,A
170,RYR2,.,nonsynonymous SNV,1,237824201,237824201,G,A
171,RYR2,rs34967813,nonsynonymous SNV,1,237841390,237841390,A,G
172,SMYD3,rs7520453,nonsynonymous SNV,1,246670481,246670481,C,G
173,ROCK2,rs2230774,nonsynonymous SNV,2,11359120,11359120,G,T
174,MYCN,.,nonsynonymous SNV,2,16082184,16082184,C,T
175,MYCN,rs144939456,nonsynonymous SNV,2,16085728,16085728,C,T
176,SMC6,rs1065381,nonsynonymous SNV,2,17884495,17884495,C,T
177,SMC6,rs35195207,nonsynonymous SNV,2,17897488,17897488,T,C
178,APOB,rs1042034,nonsynonymous SNV,2,21225281,21225281,C,T
179,APOB,rs676210,nonsynonymous SNV,2,21231524,21231524,G,A
180,APOB,rs584542,nonsynonymous SNV,2,21232803,21232803,T,C
181,APOB,rs568413,nonsynonymous SNV,2,21235475,21235475,T,C
182,APOB,rs679899,nonsynonymous SNV,2,21250914,21250914,G,A
183,ATAD2B,rs62125899,nonsynonymous SNV,2,24042689,24042689,T,C
184,ATAD2B,rs7579201,nonsynonymous SNV,2,24108652,24108652,T,C
185,NCOA1,rs1804645,nonsynonymous SNV,2,24974958,24974958,C,T
186,DNMT3A,.,nonsynonymous SNV,2,25462063,25462063,C,T
187,ALK,rs1670283,nonsynonymous SNV,2,29416572,29416572,T,C
188,CEBPZ,.,nonsynonymous SNV,2,37439481,37439481,G,A
189,CEBPZ,rs2098386,nonsynonymous SNV,2,37456032,37456032,C,T
190,EML4,rs6736913,nonsynonymous SNV,2,42510018,42510018,A,G
191,EML4,rs10202624,nonsynonymous SNV,2,42515388,42515388,A,G
192,EML4,rs28651764,nonsynonymous SNV,2,42515437,42515437,A,G
193,EPCAM,rs146480420,nonsynonymous SNV,2,47601029,47601029,G,C
194,LHCGR,rs2293275,nonsynonymous SNV,2,48921375,48921375,T,C
195,FSHR,rs6166,nonsynonymous SNV,2,49189921,49189921,C,T
196,FSHR,rs6165,nonsynonymous SNV,2,49191041,49191041,C,T
197,BCL11A,rs777023517,nonsynonymous SNV,2,60688968,60688968,A,G
198,BCL11A,.,nonsynonymous SNV,2,60689263,60689263,T,A
199,TET3,rs61741171,nonsynonymous SNV,2,74274329,74274329,C,T
200,TET3,.,nonsynonymous SNV,2,74328918,74328918,C,T
201,KDM3A,rs2030259,nonsynonymous SNV,2,86683642,86683642,A,G
202,STARD7,rs2276650,nonsynonymous SNV,2,96861159,96861159,C,G
203,AFF3,rs4851223,nonsynonymous SNV,2,100343557,100343557,C,T
204,MAP4K4,.,nonsynonymous SNV,2,102488094,102488094,C,T
205,IL1R1,rs2228139,nonsynonymous SNV,2,102781649,102781649,C,G
206,MERTK,rs7604639,nonsynonymous SNV,2,112751928,112751928,G,A
207,MERTK,rs2230515,nonsynonymous SNV,2,112755001,112755001,A,G
208,MERTK,rs755422343,nonsynonymous SNV,2,112786169,112786169,G,A
209,ERCC3,rs772883177,nonsynonymous SNV,2,128046958,128046958,T,A
210,MAP3K19,rs16831235,nonsynonymous SNV,2,135745129,135745129,G,A
211,LRP1B,.,nonsynonymous SNV,2,141093392,141093392,T,C
212,LRP1B,rs12990449,nonsynonymous SNV,2,142567910,142567910,T,C
213,BAZ2B,.,nonsynonymous SNV,2,160239106,160239106,G,T
214,ABCB11,rs2287622,nonsynonymous SNV,2,169830328,169830328,A,G
215,HOXD13,.,nonsynonymous SNV,2,176958349,176958349,G,A
216,HOXD4,.,nonsynonymous SNV,2,177017368,177017368,C,T
217,PPP1R1C,.,nonsynonymous SNV,2,182928468,182928468,C,T
218,COL3A1,rs1800255,nonsynonymous SNV,2,189864080,189864080,G,A
219,COL3A1,rs1516446,nonsynonymous SNV,2,189875421,189875421,T,G
220,SGO2,rs17448235,nonsynonymous SNV,2,201436555,201436555,A,G
221,SGO2,rs17532665,nonsynonymous SNV,2,201437048,201437048,A,G
222,CASP8,rs3769823,nonsynonymous SNV,2,202122995,202122995,A,G
223,CREB1,rs533287453,nonsynonymous SNV,2,208442315,208442315,G,A
224,BARD1,rs2229571,nonsynonymous SNV,2,215645464,215645464,C,G
225,STK36,.,nonsynonymous SNV,2,219564061,219564061,G,A
226,WNT10A,.,nonsynonymous SNV,2,219747013,219747013,G,A
227,WNT10A,.,nonsynonymous SNV,2,219747089,219747089,G,A
228,SP110,rs3948464,nonsynonymous SNV,2,231050715,231050715,A,G
229,SP110,rs1365776,nonsynonymous SNV,2,231072709,231072709,C,T
230,SP110,rs1129411,nonsynonymous SNV,2,231077725,231077725,A,G
231,SP140,rs4972946,nonsynonymous SNV,2,231149108,231149108,G,A
232,SP100,rs12724,nonsynonymous SNV,2,231333763,231333763,A,G
233,SP100,rs836237,nonsynonymous SNV,2,231406680,231406680,T,C
234,IL5RA,.,nonsynonymous SNV,3,3137066,3137066,A,C
235,IL5RA,rs2290610,nonsynonymous SNV,3,3139957,3139957,T,C
236,SRGAP3,.,nonsynonymous SNV,3,9027443,9027443,G,T
237,SRGAP3,.,nonsynonymous SNV,3,9146446,9146446,G,A
238,SETD5,rs62246321,nonsynonymous SNV,3,9517561,9517561,C,T
239,BRPF1,.,nonsynonymous SNV,3,9776015,9776015,A,G
240,IL17RC,rs708567,nonsynonymous SNV,3,9960070,9960070,C,T
241,IL17RC,rs279549,nonsynonymous SNV,3,9970031,9970031,A,G
242,IL17RC,.,nonsynonymous SNV,3,9975065,9975065,C,T
243,FANCD2,rs73126218,nonsynonymous SNV,3,10088343,10088343,A,G
244,VGLL4,rs2276749,nonsynonymous SNV,3,11643465,11643465,T,C
245,TMEM43,rs35028636,nonsynonymous SNV,3,14170981,14170981,C,T
246,TMEM43,rs4685076,nonsynonymous SNV,3,14174427,14174427,A,T
247,TMEM43,rs2340917,nonsynonymous SNV,3,14175262,14175262,T,C
248,XPC,rs2228001,nonsynonymous SNV,3,14187449,14187449,G,T
249,NEK10,rs10510592,nonsynonymous SNV,3,27332820,27332820,A,G
250,MLH1,rs1799977,nonsynonymous SNV,3,37053568,37053568,A,G
251,SCN5A,rs1805124,nonsynonymous SNV,3,38645420,38645420,T,C
252,CTNNB1,rs369771822,nonsynonymous SNV,3,41266972,41266972,G,A
253,SETD2,.,nonsynonymous SNV,3,47165707,47165707,C,T
254,MST1,rs771296103,nonsynonymous SNV,3,49723034,49723034,C,T
255,MST1,rs62262686,nonsynonymous SNV,3,49726070,49726070,G,A
256,MST1R,rs1062633,nonsynonymous SNV,3,49924940,49924940,T,C
257,MST1R,rs7433231,nonsynonymous SNV,3,49928691,49928691,T,C
258,MST1R,rs2230590,nonsynonymous SNV,3,49936102,49936102,T,C
259,TLR9,rs749495421,nonsynonymous SNV,3,52257685,52257685,C,T
260,ROBO2,.,nonsynonymous SNV,3,77612452,77612452,G,A
261,EPHA3,rs35124509,nonsynonymous SNV,3,89521693,89521693,T,C
262,SLC15A2,rs2257212,nonsynonymous SNV,3,121643804,121643804,C,T
263,SLC15A2,rs1143671,nonsynonymous SNV,3,121647286,121647286,C,T
264,SLC15A2,rs1143672,nonsynonymous SNV,3,121648168,121648168,G,A
265,CD86,rs2681417,nonsynonymous SNV,3,121825197,121825197,G,A
266,MYLK,.,nonsynonymous SNV,3,123419848,123419848,T,C
267,MYLK,rs9833275,nonsynonymous SNV,3,123451773,123451773,G,C
268,MYLK,rs9840993,nonsynonymous SNV,3,123457893,123457893,G,A
269,NEK11,rs3738000,nonsynonymous SNV,3,130947435,130947435,A,T
270,MED12L,rs17290219,nonsynonymous SNV,3,150881774,150881774,A,C
271,MED12L,rs3732765,nonsynonymous SNV,3,151090424,151090424,G,A
272,MED12L,rs745403446,nonsynonymous SNV,3,151129183,151129183,G,A
273,MLF1,rs15967,nonsynonymous SNV,3,158320703,158320703,C,A
274,SKIL,rs3772173,nonsynonymous SNV,3,170078232,170078232,C,T
275,EPHB3,rs761956753,nonsynonymous SNV,3,184299064,184299064,G,A
276,TNK2,rs56260729,nonsynonymous SNV,3,195594950,195594950,G,A
277,GRK4,rs2960306,nonsynonymous SNV,4,2990499,2990499,G,T
278,GRK4,rs1024323,nonsynonymous SNV,4,3006043,3006043,C,T
279,WDR1,rs13441,nonsynonymous SNV,4,10099340,10099340,T,C
280,SLIT2,.,nonsynonymous SNV,4,20533660,20533660,A,T
281,TLR10,rs4129009,nonsynonymous SNV,4,38774889,38774889,T,C
282,TLR10,rs11096955,nonsynonymous SNV,4,38776107,38776107,T,G
283,TLR10,rs11096957,nonsynonymous SNV,4,38776491,38776491,T,G
284,TLR1,rs5743618,nonsynonymous SNV,4,38798648,38798648,C,A
285,TLR1,rs4833095,nonsynonymous SNV,4,38799710,38799710,T,C
286,TLR6,rs5743815,nonsynonymous SNV,4,38829815,38829815,A,G
287,TLR6,rs5743810,nonsynonymous SNV,4,38830350,38830350,A,G
288,PHOX2B,.,nonsynonymous SNV,4,41749430,41749430,T,G
289,TXK,rs7658300,nonsynonymous SNV,4,48115264,48115264,C,T
290,TEC,.,nonsynonymous SNV,4,48148368,48148368,G,A
291,KIT,rs3822214,nonsynonymous SNV,4,55593464,55593464,A,C
292,KDR,rs1870377,nonsynonymous SNV,4,55972974,55972974,T,A
293,PRDM8,rs767033532,nonsynonymous SNV,4,81123252,81123252,G,C
294,CENPE,rs2243682,nonsynonymous SNV,4,104059542,104059542,G,A
295,CENPE,rs2615542,nonsynonymous SNV,4,104066461,104066461,A,G
296,EGF,rs4698803,nonsynonymous SNV,4,110914427,110914427,A,T
297,FAT4,rs6847454,nonsynonymous SNV,4,126238924,126238924,A,T
298,FAT4,rs1039808,nonsynonymous SNV,4,126239986,126239986,C,T
299,FAT4,rs1567047,nonsynonymous SNV,4,126372742,126372742,G,A
300,FAT4,rs12650153,nonsynonymous SNV,4,126373789,126373789,G,A
301,PLK4,rs3811740,nonsynonymous SNV,4,128807219,128807219,T,A
302,PLK4,.,nonsynonymous SNV,4,128811371,128811371,C,A
303,PLK4,.,nonsynonymous SNV,4,128814737,128814737,T,C
304,PLK4,rs17012739,nonsynonymous SNV,4,128814964,128814964,G,T
305,ARHGAP10,.,nonsynonymous SNV,4,148802993,148802993,A,G
306,NR3C2,rs5522,nonsynonymous SNV,4,149357475,149357475,C,T
307,FBXW7,rs6816935,nonsynonymous SNV,4,153332613,153332613,C,T
308,FAT1,rs1280097,nonsynonymous SNV,4,187519206,187519206,C,G
309,FAT1,rs2637777,nonsynonymous SNV,4,187525020,187525020,A,C
310,FAT1,rs28647489,nonsynonymous SNV,4,187531022,187531022,A,G
311,FAT1,rs1280098,nonsynonymous SNV,4,187538942,187538942,T,G
312,FAT1,rs28489116,nonsynonymous SNV,4,187542755,187542755,T,C
313,FAT1,rs328418,nonsynonymous SNV,4,187557893,187557893,T,C
314,FAT1,rs11939575,nonsynonymous SNV,4,187627792,187627792,T,C
315,FAT1,rs1877731,nonsynonymous SNV,4,187628398,187628398,C,G
316,FAT1,rs367863,nonsynonymous SNV,4,187629140,187629140,G,C
317,FAT1,rs3733413,nonsynonymous SNV,4,187629538,187629538,C,T
318,FAT1,rs3733414,nonsynonymous SNV,4,187629770,187629770,A,C
319,FAT1,rs3733415,nonsynonymous SNV,4,187630590,187630590,G,A
320,SDHA,rs6960,nonsynonymous SNV,5,254599,254599,A,T
321,SDHA,rs6962,nonsynonymous SNV,5,256509,256509,G,A
322,BRD9,rs508016,nonsynonymous SNV,5,878525,878525,T,A
323,TERT,.,nonsynonymous SNV,5,1255405,1255405,C,A
324,CCT5,rs11557652,nonsynonymous SNV,5,10256172,10256172,A,T
325,PRDM9,rs772744700,nonsynonymous SNV,5,23526903,23526903,T,C
326,PRDM9,rs371780397,nonsynonymous SNV,5,23527576,23527576,T,A
327,PRDM9,rs202203985,nonsynonymous SNV,5,23527640,23527640,A,G
328,PRDM9,rs201643800,nonsynonymous SNV,5,23527721,23527721,C,A
329,PRDM9,.,nonsynonymous SNV,5,23527790,23527790,T,G
330,IL7R,rs1494555,nonsynonymous SNV,5,35871190,35871190,G,A
331,IL7R,rs2229232,nonsynonymous SNV,5,35876449,35876449,C,T
332,OSMR,rs34675408,nonsynonymous SNV,5,38884071,38884071,T,G
333,RICTOR,rs2043112,nonsynonymous SNV,5,38955796,38955796,G,A
334,GHR,rs6180,nonsynonymous SNV,5,42719239,42719239,A,C
335,IL6ST,.,nonsynonymous SNV,5,55236936,55236936,G,A
336,MAP3K1,rs832582,nonsynonymous SNV,5,56177743,56177743,G,A
337,MAP3K1,.,nonsynonymous SNV,5,56183264,56183264,G,A
338,SETD9,rs2257505,nonsynonymous SNV,5,56207123,56207123,T,A
339,SETD9,rs40497,nonsynonymous SNV,5,56209735,56209735,A,G
340,CDK7,rs2972388,nonsynonymous SNV,5,68531253,68531253,C,T
341,IQGAP2,rs375606140,nonsynonymous SNV,5,75893321,75893321,C,T
342,IQGAP2,rs2431352,nonsynonymous SNV,5,75923294,75923294,T,G
343,IQGAP2,rs2909888,nonsynonymous SNV,5,75923307,75923307,A,G
344,IQGAP2,rs2455230,nonsynonymous SNV,5,75932965,75932965,G,C
345,IQGAP2,rs2431363,nonsynonymous SNV,5,75948650,75948650,A,G
346,MSH3,rs2405877,nonsynonymous SNV,5,79950736,79950736,C,G
347,MSH3,rs1650697,nonsynonymous SNV,5,79950781,79950781,A,G
348,MSH3,rs184967,nonsynonymous SNV,5,80149981,80149981,A,G
349,MSH3,rs26279,nonsynonymous SNV,5,80168937,80168937,G,A
350,APC,rs459552,nonsynonymous SNV,5,112176756,112176756,T,A
351,IL3,rs40401,nonsynonymous SNV,5,131396478,131396478,C,T
352,TCF7,rs30489,nonsynonymous SNV,5,133481467,133481467,G,A
353,BRD8,rs412051,nonsynonymous SNV,5,137476416,137476416,T,C
354,BRD8,rs79921495,nonsynonymous SNV,5,137481530,137481530,A,C
355,CDC25C,rs3734166,nonsynonymous SNV,5,137665323,137665323,G,A
356,KDM3B,rs6865472,nonsynonymous SNV,5,137717265,137717265,G,A
357,KDM3B,rs34608821,nonsynonymous SNV,5,137727169,137727169,G,T
358,KDM3B,rs149190373,nonsynonymous SNV,5,137754658,137754658,C,G
359,KDM3B,rs7706614,nonsynonymous SNV,5,137754808,137754808,G,A
360,CTNNA1,.,nonsynonymous SNV,5,138160430,138160430,C,T
361,CTNNA1,.,nonsynonymous SNV,5,138266608,138266608,G,A
362,ARHGAP26,.,nonsynonymous SNV,5,142435614,142435614,G,A
363,ADRB2,rs1042714,nonsynonymous SNV,5,148206473,148206473,G,C
364,CDX1,rs2302275,nonsynonymous SNV,5,149546828,149546828,C,G
365,FAT2,rs1105168,nonsynonymous SNV,5,150886882,150886882,G,A
366,FAT2,rs6650971,nonsynonymous SNV,5,150901261,150901261,C,T
367,FAT2,rs2053028,nonsynonymous SNV,5,150901613,150901613,A,G
368,FAT2,rs6892335,nonsynonymous SNV,5,150923405,150923405,A,G
369,FAT2,rs6872614,nonsynonymous SNV,5,150942919,150942919,A,G
370,FAT2,rs2304053,nonsynonymous SNV,5,150942969,150942969,G,A
371,FAT2,rs3734055,nonsynonymous SNV,5,150945483,150945483,C,T
372,FAT2,rs9324700,nonsynonymous SNV,5,150946436,150946436,A,G
373,FAT2,rs1432862,nonsynonymous SNV,5,150946773,150946773,G,A
374,FAT2,rs114337863,nonsynonymous SNV,5,150947162,150947162,A,G
375,FGFR4,.,nonsynonymous SNV,5,176516607,176516607,C,T
376,FGFR4,rs376618,nonsynonymous SNV,5,176517797,176517797,C,T
377,NSD1,.,nonsynonymous SNV,5,176631267,176631267,C,A
378,MAML1,.,nonsynonymous SNV,5,179195908,179195908,C,T
379,MAML1,rs6895902,nonsynonymous SNV,5,179201847,179201847,G,A
380,TBC1D9B,rs30386,nonsynonymous SNV,5,179290845,179290845,T,G
381,MGAT1,rs634501,nonsynonymous SNV,5,180218668,180218668,A,G
382,DUSP22,.,nonsynonymous SNV,6,348122,348122,A,T
383,FOXQ1,rs78460560,nonsynonymous SNV,6,1313078,1313078,G,A
384,RIPK1,.,nonsynonymous SNV,6,3081218,3081218,T,G
385,MAK,rs767365219,nonsynonymous SNV,6,10791936,10791936,C,T
386,MAK,.,nonsynonymous SNV,6,10796236,10796236,G,A
387,JARID2,.,nonsynonymous SNV,6,15496385,15496385,C,A
388,JARID2,.,nonsynonymous SNV,6,15496802,15496802,A,G
389,KDM1B,.,nonsynonymous SNV,6,18161573,18161573,A,T
390,DEK,rs147127829,nonsynonymous SNV,6,18264096,18264096,C,G
391,HIST1H1E,.,nonsynonymous SNV,6,26156849,26156849,C,A
392,HLA-A,rs2230954,nonsynonymous SNV,6,29910371,29910371,C,T
393,HLA-A,rs707910,nonsynonymous SNV,6,29910663,29910663,G,A
394,HLA-A,rs79361534,nonsynonymous SNV,6,29910731,29910731,G,A
395,HLA-A,rs78306866,nonsynonymous SNV,6,29910742,29910742,G,C
396,HLA-A,rs1136692,nonsynonymous SNV,6,29910801,29910801,C,A
397,HLA-A,rs1136695,nonsynonymous SNV,6,29911064,29911064,A,G
398,HLA-A,rs1136700,nonsynonymous SNV,6,29911086,29911086,T,C
399,HLA-A,rs3173420,nonsynonymous SNV,6,29911114,29911114,G,A
400,HLA-A,rs1059517,nonsynonymous SNV,6,29911203,29911203,A,C
401,HLA-A,rs1059535,nonsynonymous SNV,6,29911222,29911222,C,T
402,HLA-A,rs41563116,nonsynonymous SNV,6,29911284,29911284,T,C
403,HLA-A,rs1136903,nonsynonymous SNV,6,29912280,29912280,T,C
404,HLA-B,rs2308655,nonsynonymous SNV,6,31322303,31322303,C,G
405,HLA-B,rs1051488,nonsynonymous SNV,6,31322911,31322911,C,T
406,HLA-B,rs1131500,nonsynonymous SNV,6,31322980,31322980,C,T
407,HLA-B,rs1050341,nonsynonymous SNV,6,31323337,31323337,T,C
408,HLA-B,rs4997052,nonsynonymous SNV,6,31324144,31324144,T,A
409,HLA-B,rs1131215,nonsynonymous SNV,6,31324516,31324516,C,A
410,HLA-B,rs1131170,nonsynonymous SNV,6,31324705,31324705,A,C
411,EHMT2,rs7887,nonsynonymous SNV,6,31864547,31864547,G,T
412,STK19,rs616634,nonsynonymous SNV,6,31948448,31948448,A,G
413,CYP21A2,rs6472,nonsynonymous SNV,6,32007849,32007849,G,C
414,PBX2,.,nonsynonymous SNV,6,32155900,32155900,G,C
415,NOTCH4,rs140125037,nonsynonymous SNV,6,32178638,32178638,G,A
416,NOTCH4,rs422951,nonsynonymous SNV,6,32188383,32188383,T,C
417,PHF1,rs3116713,nonsynonymous SNV,6,33382288,33382288,G,A
418,FANCE,rs141551053,nonsynonymous SNV,6,35428345,35428345,C,T
419,FANCE,rs9462088,nonsynonymous SNV,6,35430686,35430686,G,A
420,MAPK14,.,nonsynonymous SNV,6,36076189,36076189,C,T
421,BRPF3,.,nonsynonymous SNV,6,36168905,36168905,G,A
422,ETV7,rs2234075,nonsynonymous SNV,6,36343721,36343721,G,A
423,FRS3,.,nonsynonymous SNV,6,41738517,41738517,T,G
424,CNPY3,rs9471969,nonsynonymous SNV,6,42906384,42906384,G,T
425,PTK7,rs34764696,nonsynonymous SNV,6,43112267,43112267,C,T
426,PKHD1,rs9381994,nonsynonymous SNV,6,51483961,51483961,T,C
427,PKHD1,rs4715227,nonsynonymous SNV,6,51491884,51491884,T,C
428,PKHD1,rs2435322,nonsynonymous SNV,6,51875250,51875250,A,C
429,PKHD1,rs9296669,nonsynonymous SNV,6,51890823,51890823,G,A
430,PKHD1,rs9370096,nonsynonymous SNV,6,51914956,51914956,G,A
431,ADGRB3,.,nonsynonymous SNV,6,69640513,69640513,A,G
432,ADGRB3,rs1932618,nonsynonymous SNV,6,69666684,69666684,A,G
433,PHIP,rs761027651,nonsynonymous SNV,6,79671452,79671452,G,A
434,PHIP,rs11547228,nonsynonymous SNV,6,79692751,79692751,G,A
435,PHIP,rs7747479,nonsynonymous SNV,6,79708000,79708000,A,C
436,TBX18,.,nonsynonymous SNV,6,85446965,85446965,G,A
437,TBX18,rs172562,nonsynonymous SNV,6,85473758,85473758,C,T
438,MAP3K7,.,nonsynonymous SNV,6,91263305,91263305,C,A
439,PRDM1,rs748874731,nonsynonymous SNV,6,106555018,106555018,C,T
440,TRAF3IP2,rs1043730,nonsynonymous SNV,6,111901453,111901453,G,T
441,TRAF3IP2,rs13190932,nonsynonymous SNV,6,111913070,111913070,G,A
442,TRAF3IP2,rs33980500,nonsynonymous SNV,6,111913262,111913262,C,T
443,FRK,rs3756772,nonsynonymous SNV,6,116325142,116325142,C,T
444,ROS1,rs529038,nonsynonymous SNV,6,117622233,117622233,C,T
445,BCLAF1,rs62431283,nonsynonymous SNV,6,136582417,136582417,G,A
446,BCLAF1,rs62431284,nonsynonymous SNV,6,136582497,136582497,G,T
447,BCLAF1,rs62431286,nonsynonymous SNV,6,136590640,136590640,A,C
448,BCLAF1,rs62431287,nonsynonymous SNV,6,136590698,136590698,C,T
449,BCLAF1,rs1967445,nonsynonymous SNV,6,136597281,136597281,A,T
450,BCLAF1,rs1967446,nonsynonymous SNV,6,136597288,136597288,A,C
451,BCLAF1,rs9942517,nonsynonymous SNV,6,136599822,136599822,C,G
452,IL20RA,rs1555498,nonsynonymous SNV,6,137325847,137325847,C,T
453,TNFAIP3,rs2230926,nonsynonymous SNV,6,138196066,138196066,T,G
454,PERP,rs648802,nonsynonymous SNV,6,138413333,138413333,G,C
455,ZC3H12D,rs7747948,nonsynonymous SNV,6,149795522,149795522,G,A
456,PCMT1,rs4816,nonsynonymous SNV,6,150114745,150114745,G,A
457,SYNE1,rs35591210,nonsynonymous SNV,6,152453291,152453291,G,A
458,SYNE1,rs2252755,nonsynonymous SNV,6,152469188,152469188,C,G
459,SYNE1,rs2147377,nonsynonymous SNV,6,152540278,152540278,A,C
460,SYNE1,rs2306916,nonsynonymous SNV,6,152647681,152647681,A,T
461,SYNE1,rs6911096,nonsynonymous SNV,6,152652034,152652034,A,T
462,SYNE1,rs9479297,nonsynonymous SNV,6,152658142,152658142,T,C
463,SYNE1,rs4645434,nonsynonymous SNV,6,152665261,152665261,C,A
464,SYNE1,rs111250109,nonsynonymous SNV,6,152746593,152746593,A,T
465,SYNE1,rs214976,nonsynonymous SNV,6,152772264,152772264,A,G
466,SYNE1,rs17082709,nonsynonymous SNV,6,152777095,152777095,A,C
467,IGF2R,rs8191808,nonsynonymous SNV,6,160469510,160469510,C,G
468,IGF2R,rs629849,nonsynonymous SNV,6,160494409,160494409,A,G
469,SLC22A1,rs12208357,nonsynonymous SNV,6,160543148,160543148,C,T
470,SLC22A1,rs683369,nonsynonymous SNV,6,160551204,160551204,G,C
471,SLC22A1,rs628031,nonsynonymous SNV,6,160560845,160560845,A,G
472,SLC22A2,rs316019,nonsynonymous SNV,6,160670282,160670282,A,C
473,MAP3K4,rs4559074,nonsynonymous SNV,6,161469774,161469774,G,A
474,MAP3K4,rs369631924,nonsynonymous SNV,6,161510480,161510480,G,A
475,PRKN,rs1801582,nonsynonymous SNV,6,161807855,161807855,C,G
476,MAD1L1,.,nonsynonymous SNV,7,1976454,1976454,T,G
477,CARD11,.,nonsynonymous SNV,7,2949744,2949744,G,A
478,PMS2,rs2228006,nonsynonymous SNV,7,6026775,6026775,T,C
479,PMS2,rs1805321,nonsynonymous SNV,7,6026988,6026988,G,A
480,ETV1,rs9639168,nonsynonymous SNV,7,13978809,13978809,T,C
481,HDAC9,rs772291313,nonsynonymous SNV,7,18705936,18705936,C,T
482,HOXA10,.,nonsynonymous SNV,7,27213224,27213224,C,G
483,FKBP9,.,nonsynonymous SNV,7,33044951,33044951,C,G
484,POU6F2,rs140579551,nonsynonymous SNV,7,39379589,39379589,C,T
485,CDK13,.,nonsynonymous SNV,7,39991345,39991345,A,C
486,GLI3,rs846266,nonsynonymous SNV,7,42088222,42088222,T,C
487,EGFR,.,nonsynonymous SNV,7,55211013,55211013,G,A
488,EGFR,rs150423237,nonsynonymous SNV,7,55240780,55240780,G,A
489,SBDS,rs79344818,nonsynonymous SNV,7,66453476,66453476,A,G
490,MAGI2,.,nonsynonymous SNV,7,77756657,77756657,G,A
491,MAGI2,.,nonsynonymous SNV,7,78256468,78256468,C,A
492,ABCB4,rs2230028,nonsynonymous SNV,7,87056176,87056176,T,C
493,ABCB4,.,nonsynonymous SNV,7,87073029,87073029,A,C
494,ABCB4,rs751600476,nonsynonymous SNV,7,87101987,87101987,G,T
495,ABCB1,rs2032582,nonsynonymous SNV,7,87160618,87160618,A,C
496,AKAP9,rs6964587,nonsynonymous SNV,7,91630620,91630620,G,T
497,AKAP9,rs146797353,nonsynonymous SNV,7,91646406,91646406,G,A
498,AKAP9,rs6960867,nonsynonymous SNV,7,91712698,91712698,A,G
499,AKAP9,rs1063242,nonsynonymous SNV,7,91714911,91714911,C,T
500,SAMD9,rs10279499,nonsynonymous SNV,7,92733766,92733766,C,A
501,SAMD9,rs6969691,nonsynonymous SNV,7,92734983,92734983,A,G
502,LMTK2,rs11765552,nonsynonymous SNV,7,97822115,97822115,T,A
503,TRRAP,rs200203849,nonsynonymous SNV,7,98581955,98581955,G,A
504,ARPC1B,.,nonsynonymous SNV,7,98985827,98985827,C,T
505,CYP3A5,.,nonsynonymous SNV,7,99264619,99264619,G,A
506,EPHB4,rs142798266,nonsynonymous SNV,7,100410515,100410515,G,A
507,CUX1,rs803064,nonsynonymous SNV,7,101917521,101917521,G,A
508,PIK3CG,.,nonsynonymous SNV,7,106513181,106513181,G,T
509,PIK3CG,.,nonsynonymous SNV,7,106513275,106513275,G,A
510,SLC26A3,rs73419912,nonsynonymous SNV,7,107432300,107432300,G,T
511,FOXP2,.,nonsynonymous SNV,7,114302124,114302124,C,T
512,TFEC,rs35695387,nonsynonymous SNV,7,115624478,115624478,C,G
513,WNT2,rs761310626,nonsynonymous SNV,7,116960680,116960680,C,T
514,GRM8,rs78124913,nonsynonymous SNV,7,126542667,126542667,A,T
515,PAX4,rs712701,nonsynonymous SNV,7,127251188,127251188,T,G
516,IRF5,rs113806178,nonsynonymous SNV,7,128587374,128587374,G,A
517,SMO,.,nonsynonymous SNV,7,128851582,128851582,A,T
518,TBXAS1,rs5768,nonsynonymous SNV,7,139653196,139653196,A,C
519,TBXAS1,rs185290287,nonsynonymous SNV,7,139719888,139719888,G,A
520,KDM7A,rs6950119,nonsynonymous SNV,7,139797431,139797431,G,T
521,KDM7A,.,nonsynonymous SNV,7,139798759,139798759,G,T
522,MKRN1,rs2272095,nonsynonymous SNV,7,140158851,140158851,C,G
523,PRSS1,rs111033566,nonsynonymous SNV,7,142458451,142458451,A,T
524,PRSS1,rs201550522,nonsynonymous SNV,7,142460335,142460335,A,G
525,PRSS1,rs201719096,nonsynonymous SNV,7,142460369,142460369,G,A
526,EPHB6,.,nonsynonymous SNV,7,142562054,142562054,T,C
527,KEL,rs8176059,nonsynonymous SNV,7,142651354,142651354,G,A
528,EPHA1,rs6967117,nonsynonymous SNV,7,143088867,143088867,T,C
529,EPHA1,rs4725617,nonsynonymous SNV,7,143097100,143097100,A,G
530,EZH2,rs2302427,nonsynonymous SNV,7,148525904,148525904,C,G
531,KCNH2,rs1805123,nonsynonymous SNV,7,150645534,150645534,T,G
532,KMT2C,.,nonsynonymous SNV,7,151856009,151856009,T,C
533,KMT2C,rs28522267,nonsynonymous SNV,7,151927021,151927021,C,A
534,KMT2C,rs183684706,nonsynonymous SNV,7,151927025,151927025,A,G
535,KMT2C,rs4024420,nonsynonymous SNV,7,151935853,151935853,T,C
536,KMT2C,rs4024419,nonsynonymous SNV,7,151935910,151935910,C,T
537,KMT2C,rs2479172,nonsynonymous SNV,7,151945007,151945007,C,T
538,KMT2C,rs4024453,nonsynonymous SNV,7,151945204,151945204,G,A
539,KMT2C,rs4639425,nonsynonymous SNV,7,151945334,151945334,T,C
540,KMT2C,rs138908625,nonsynonymous SNV,7,151962168,151962168,C,A
541,KMT2C,rs775803041,nonsynonymous SNV,7,151962290,151962290,C,G
542,KMT2C,rs10454320,nonsynonymous SNV,7,151970856,151970856,T,A
543,KMT2C,rs56850341,nonsynonymous SNV,7,151970931,151970931,G,A
544,KMT2C,rs201009236,nonsynonymous SNV,7,151970951,151970951,C,T
545,MCPH1,rs2442513,nonsynonymous SNV,8,6296550,6296550,G,T
546,MCPH1,rs35590577,nonsynonymous SNV,8,6302106,6302106,C,A
547,MCPH1,rs930557,nonsynonymous SNV,8,6302183,6302183,G,C
548,MCPH1,rs2515569,nonsynonymous SNV,8,6302418,6302418,A,G
549,ASAH1,rs1071645,nonsynonymous SNV,8,17928811,17928811,C,T
550,NAT2,rs1799930,nonsynonymous SNV,8,18258103,18258103,G,A
551,NAT2,rs1208,nonsynonymous SNV,8,18258316,18258316,G,A
552,HR,rs12675375,nonsynonymous SNV,8,21984945,21984945,C,T
553,PTK2B,rs751019,nonsynonymous SNV,8,27308585,27308585,A,C
554,WRN,rs78488552,nonsynonymous SNV,8,31012237,31012237,C,G
555,ADGRA2,rs111714720,nonsynonymous SNV,8,37688966,37688966,G,A
556,IKBKB,.,nonsynonymous SNV,8,42171853,42171853,C,T
557,SOX17,rs267607083,nonsynonymous SNV,8,55372085,55372085,T,A
558,MOS,rs35392772,nonsynonymous SNV,8,57026229,57026229,C,A
559,PLAG1,rs35883156,nonsynonymous SNV,8,57078933,57078933,G,T
560,HEY1,rs770437939,nonsynonymous SNV,8,80677475,80677475,G,A
561,ZNF704,rs3907424,nonsynonymous SNV,8,81733727,81733727,C,A
562,NBN,rs1805794,nonsynonymous SNV,8,90990479,90990479,C,G
563,RAD54B,rs752511501,nonsynonymous SNV,8,95390425,95390425,C,T
564,UBR5,.,nonsynonymous SNV,8,103293668,103293668,G,A
565,RSPO2,rs601558,nonsynonymous SNV,8,108970367,108970367,A,G
566,POU5F1B,rs6998061,nonsynonymous SNV,8,128428638,128428638,G,A
567,POU5F1B,rs13273814,nonsynonymous SNV,8,128428656,128428656,A,C
568,POU5F1B,rs7002225,nonsynonymous SNV,8,128428823,128428823,G,C
569,RECQL4,rs4251691,nonsynonymous SNV,8,145737816,145737816,C,T
570,RECQL4,rs4244612,nonsynonymous SNV,8,145741702,145741702,C,G
571,RECQL4,rs2721190,nonsynonymous SNV,8,145742514,145742514,A,G
572,SMARCA2,rs560604623,nonsynonymous SNV,9,2039811,2039811,A,C
573,SMARCA2,.,nonsynonymous SNV,9,2086866,2086866,G,A
574,GLIS3,rs6415788,nonsynonymous SNV,9,4118111,4118111,G,T
575,GLIS3,rs806052,nonsynonymous SNV,9,4118208,4118208,A,G
576,GLIS3,rs372326856,nonsynonymous SNV,9,4118720,4118720,C,A
577,JAK2,.,nonsynonymous SNV,9,5050714,5050714,T,C
578,PDCD1LG2,rs7854303,nonsynonymous SNV,9,5557672,5557672,T,C
579,KDM4C,rs780836880,nonsynonymous SNV,9,6814672,6814672,G,A
580,KDM4C,rs1570512,nonsynonymous SNV,9,7076463,7076463,G,A
581,KDM4C,rs913588,nonsynonymous SNV,9,7174673,7174673,G,A
582,TEK,rs682632,nonsynonymous SNV,9,27183463,27183463,A,C
583,TEK,rs1334811,nonsynonymous SNV,9,27190655,27190655,G,A
584,PRSS3,rs855581,nonsynonymous SNV,9,33798017,33798017,A,G
585,PAX5,rs3780135,nonsynonymous SNV,9,36840623,36840623,G,A
586,ZBTB5,rs17502738,nonsynonymous SNV,9,37441650,37441650,T,C
587,SMC5,rs1180116,nonsynonymous SNV,9,72897434,72897434,G,A
588,GNAQ,rs753716491,nonsynonymous SNV,9,80537112,80537112,T,A
589,ROR2,rs10761129,nonsynonymous SNV,9,94486321,94486321,C,T
590,ROR2,.,nonsynonymous SNV,9,94499693,94499693,T,C
591,WNK2,rs765557331,nonsynonymous SNV,9,95993180,95993180,C,T
592,WNK2,.,nonsynonymous SNV,9,95993375,95993375,G,A
593,WNK2,rs10761203,nonsynonymous SNV,9,96021312,96021312,G,A
594,NUTM2F,rs190275133,nonsynonymous SNV,9,97087707,97087707,T,C
595,PTCH1,.,nonsynonymous SNV,9,98212202,98212202,G,T
596,NUTM2G,rs187161456,nonsynonymous SNV,9,99697672,99697672,G,A
597,TGFBR1,.,nonsynonymous SNV,9,101894851,101894851,G,A
598,NR4A3,rs12344570,nonsynonymous SNV,9,102591042,102591042,A,G
599,ABCA1,rs2230808,nonsynonymous SNV,9,107562804,107562804,T,C
600,ABCA1,rs2066714,nonsynonymous SNV,9,107586753,107586753,T,C
601,ABCA1,rs2230806,nonsynonymous SNV,9,107620867,107620867,C,T
602,RAD23B,rs1805329,nonsynonymous SNV,9,110084328,110084328,C,T
603,MUSK,rs35176182,nonsynonymous SNV,9,113457799,113457799,A,G
604,ALAD,rs1800435,nonsynonymous SNV,9,116153891,116153891,C,G
605,PTGS1,rs1236913,nonsynonymous SNV,9,125133479,125133479,T,C
606,PTGS1,rs199832794,nonsynonymous SNV,9,125143689,125143689,G,A
607,PSMB7,rs4574,nonsynonymous SNV,9,127177161,127177161,A,G
608,PBX3,.,nonsynonymous SNV,9,128509803,128509803,G,A
609,ABL1,.,nonsynonymous SNV,9,133738319,133738319,C,T
610,NUP214,rs103612,nonsynonymous SNV,9,134020092,134020092,C,T
611,DBH,rs4531,nonsynonymous SNV,9,136509370,136509370,G,T
612,VAV2,rs602990,nonsynonymous SNV,9,136643994,136643994,T,C
613,BRD3,rs769252004,nonsynonymous SNV,9,136918523,136918523,A,C
614,RXRA,.,nonsynonymous SNV,9,137328347,137328347,C,T
615,ZMYND11,.,nonsynonymous SNV,10,226028,226028,C,T
616,GTPBP4,.,nonsynonymous SNV,10,1041953,1041953,G,T
617,IL15RA,rs2228059,nonsynonymous SNV,10,6002368,6002368,T,G
618,GATA3,.,nonsynonymous SNV,10,8100354,8100354,T,C
619,CACNB2,rs58225473,nonsynonymous SNV,10,18828635,18828635,T,G
620,RET,rs1799939,nonsynonymous SNV,10,43610119,43610119,G,A
621,CCDC6,rs1053266,nonsynonymous SNV,10,61552692,61552692,G,T
622,JMJD1C,rs1935,nonsynonymous SNV,10,64927823,64927823,C,G
623,JMJD1C,rs10761725,nonsynonymous SNV,10,64974537,64974537,A,T
624,TET1,rs10823229,nonsynonymous SNV,10,70332580,70332580,A,G
625,TET1,rs140030732,nonsynonymous SNV,10,70332865,70332865,C,T
626,TET1,rs3998860,nonsynonymous SNV,10,70405855,70405855,A,G
627,TET1,rs371499355,nonsynonymous SNV,10,70446282,70446282,G,A
628,NUTM2B,rs200360158,nonsynonymous SNV,10,81470419,81470419,G,A
629,NUTM2B,rs61863495,nonsynonymous SNV,10,81471631,81471631,T,C
630,ANXA11,rs1049550,nonsynonymous SNV,10,81926702,81926702,G,A
631,WAPL,rs754801490,nonsynonymous SNV,10,88220207,88220207,T,A
632,BMPR1A,rs11528010,nonsynonymous SNV,10,88635779,88635779,C,A
633,NUTM2A,rs200168540,nonsynonymous SNV,10,88988115,88988115,G,A
634,NUTM2A,rs3897219,nonsynonymous SNV,10,88992641,88992641,G,A
635,CYP2C19,rs3758581,nonsynonymous SNV,10,96602623,96602623,G,A
636,CYP2C9,rs1057910,nonsynonymous SNV,10,96741053,96741053,A,C
637,ABCC2,rs927344,nonsynonymous SNV,10,101544447,101544447,A,T
638,CHUK,rs2230804,nonsynonymous SNV,10,101977883,101977883,C,T
639,SCD,rs2234970,nonsynonymous SNV,10,102116311,102116311,A,C
640,TLX1,rs113474709,nonsynonymous SNV,10,102891680,102891680,G,A
641,NT5C2,.,nonsynonymous SNV,10,104850471,104850471,A,G
642,NT5C2,rs10883841,nonsynonymous SNV,10,104934709,104934709,T,C
643,TCF7L2,.,nonsynonymous SNV,10,114910867,114910867,G,A
644,TCF7L2,rs754884239,nonsynonymous SNV,10,114925408,114925408,T,C
645,ADRB1,rs1801253,nonsynonymous SNV,10,115805056,115805056,G,C
646,MGMT,rs2308321,nonsynonymous SNV,10,131565064,131565064,A,G
647,MGMT,rs2308327,nonsynonymous SNV,10,131565170,131565170,A,G
648,ECHS1,rs1049951,nonsynonymous SNV,10,135184126,135184126,G,A
649,SCGB1C1;SCGB1C2,rs7951297,nonsynonymous SNV,11,193112,193112,C,T
650,HRAS,.,nonsynonymous SNV,11,533552,533552,C,A
651,HRAS,.,nonsynonymous SNV,11,533815,533815,C,T
652,KCNQ1,.,nonsynonymous SNV,11,2466613,2466613,C,A
653,RRM1,.,nonsynonymous SNV,11,4156340,4156340,A,G
654,RBMXL2,rs11041170,nonsynonymous SNV,11,7110548,7110548,C,T
655,RBMXL2,rs11041171,nonsynonymous SNV,11,7110751,7110751,A,G
656,TRIM66,rs11042023,nonsynonymous SNV,11,8662516,8662516,T,C
657,PIK3C2A,rs11604561,nonsynonymous SNV,11,17118687,17118687,T,C
658,PIK3C2A,.,nonsynonymous SNV,11,17177149,17177149,G,A
659,MYOD1,rs146220306,nonsynonymous SNV,11,17742970,17742970,G,A
660,PRMT3,rs6483700,nonsynonymous SNV,11,20529886,20529886,G,A
661,CD44,rs9666607,nonsynonymous SNV,11,35226155,35226155,A,G
662,CD44,rs1467558,nonsynonymous SNV,11,35229673,35229673,T,C
663,EXT2,rs111589746,nonsynonymous SNV,11,44129782,44129782,A,C
664,PRDM11,rs35090414,nonsynonymous SNV,11,45245778,45245778,G,T
665,CREB3L1,.,nonsynonymous SNV,11,46299669,46299669,G,A
666,CREB3L1,rs35652107,nonsynonymous SNV,11,46339011,46339011,G,A
667,PTPRJ,rs4752904,nonsynonymous SNV,11,48166267,48166267,G,C
668,FOLH1,rs75940285,nonsynonymous SNV,11,49208267,49208267,G,A
669,FOLH1,rs202676,nonsynonymous SNV,11,49227620,49227620,A,G
670,VEGFB,rs111555072,nonsynonymous SNV,11,64003467,64003467,C,G
671,MEN1,rs2959656,nonsynonymous SNV,11,64572018,64572018,T,C
672,ARL2,rs664226,nonsynonymous SNV,11,64789194,64789194,T,C
673,KDM2A,.,nonsynonymous SNV,11,67021698,67021698,G,A
674,RPS6KB2,rs13859,nonsynonymous SNV,11,67202156,67202156,C,T
675,AIP,rs641081,nonsynonymous SNV,11,67257823,67257823,C,A
676,AIP,rs4930199,nonsynonymous SNV,11,67258391,67258391,A,G
677,GSTP1,rs1695,nonsynonymous SNV,11,67352689,67352689,A,G
678,KMT5B,.,nonsynonymous SNV,11,67926224,67926224,T,C
679,KMT5B,rs2512606,nonsynonymous SNV,11,67957518,67957518,A,T
680,LRP5,rs763434689,nonsynonymous SNV,11,68115452,68115452,G,A
681,PPFIA1,rs144640710,nonsynonymous SNV,11,70184511,70184511,G,A
682,SLCO2B1,rs1621378,nonsynonymous SNV,11,74904362,74904362,T,C
683,WNT11,.,nonsynonymous SNV,11,75902690,75902690,C,A
684,GAB2,rs749634672,nonsynonymous SNV,11,77937657,77937657,C,G
685,PICALM,.,nonsynonymous SNV,11,85701406,85701406,G,A
686,FAT3,rs7949157,nonsynonymous SNV,11,92531356,92531356,A,G
687,FAT3,rs3847531,nonsynonymous SNV,11,92534442,92534442,A,G
688,FAT3,rs75651194,nonsynonymous SNV,11,92568149,92568149,A,G
689,FAT3,rs4753069,nonsynonymous SNV,11,92590448,92590448,A,G
690,MRE11,.,nonsynonymous SNV,11,94197294,94197294,G,T
691,KDM4D,rs868935285,nonsynonymous SNV,11,94731423,94731423,C,T
692,KDM4D,rs3740853,nonsynonymous SNV,11,94731759,94731759,G,A
693,MAML2,rs7123133,nonsynonymous SNV,11,95712897,95712897,G,T
694,MAML2,.,nonsynonymous SNV,11,95825100,95825100,G,A
695,MAML2,.,nonsynonymous SNV,11,96074917,96074917,C,T
696,ATM,.,nonsynonymous SNV,11,108173754,108173754,G,C
697,ATM,rs659243,nonsynonymous SNV,11,108183167,108183167,A,G
698,ZBTB16,.,nonsynonymous SNV,11,114118001,114118001,C,T
699,KMT2A,rs200600434,nonsynonymous SNV,11,118344558,118344558,A,G
700,KMT2A,.,nonsynonymous SNV,11,118362551,118362551,G,T
701,CBL,.,nonsynonymous SNV,11,119158655,119158655,A,G
702,CHEK1,rs506504,nonsynonymous SNV,11,125525195,125525195,A,G
703,KCNJ5,rs7102584,nonsynonymous SNV,11,128782012,128782012,C,G
704,KDM5A,.,nonsynonymous SNV,12,420149,420149,G,C
705,KDM5A,rs11062385,nonsynonymous SNV,12,427575,427575,A,G
706,KDM5A,.,nonsynonymous SNV,12,431649,431649,G,A
707,WNK1,.,nonsynonymous SNV,12,863473,863473,G,A
708,WNK1,rs866572517,nonsynonymous SNV,12,970296,970296,G,A
709,WNK1,rs956868,nonsynonymous SNV,12,990912,990912,A,C
710,WNK1,rs7955371,nonsynonymous SNV,12,994487,994487,G,C
711,WNK1,rs12828016,nonsynonymous SNV,12,998365,998365,G,T
712,CACNA1C,rs10774054,nonsynonymous SNV,12,2791205,2791205,A,G
713,CACNA1C,rs200231105,nonsynonymous SNV,12,2794921,2794921,G,A
714,CACNA1C,rs201777030,nonsynonymous SNV,12,2794937,2794937,C,T
715,ZNF384,rs780750591,nonsynonymous SNV,12,6778285,6778285,G,A
716,STYK1,rs3759259,nonsynonymous SNV,12,10782115,10782115,T,C
717,LRP6,rs2302685,nonsynonymous SNV,12,12301898,12301898,C,T
718,PIK3C2G,rs11044004,nonsynonymous SNV,12,18435452,18435452,C,T
719,PIK3C2G,rs12312266,nonsynonymous SNV,12,18649057,18649057,C,T
720,SLCO1B3;SLCO1B3-SLCO1B7,rs4149117,nonsynonymous SNV,12,21011480,21011480,T,G
721,SLCO1B3;SLCO1B3-SLCO1B7,rs7311358,nonsynonymous SNV,12,21015760,21015760,G,A
722,SLCO1B3;SLCO1B3-SLCO1B7,.,nonsynonymous SNV,12,21015774,21015774,G,A
723,CAPRIN2,rs2304630,nonsynonymous SNV,12,30881809,30881809,T,C
724,CAPRIN2,rs17688567,nonsynonymous SNV,12,30906358,30906358,G,A
725,LRRK2,rs2256408,nonsynonymous SNV,12,40619082,40619082,G,A
726,LRRK2,rs11564148,nonsynonymous SNV,12,40713901,40713901,T,A
727,LRRK2,.,nonsynonymous SNV,12,40753177,40753177,G,A
728,LRRK2,rs3761863,nonsynonymous SNV,12,40758652,40758652,T,C
729,ADAMTS20,rs150420241,nonsynonymous SNV,12,43770046,43770046,A,C
730,KMT2D,.,nonsynonymous SNV,12,49422666,49422666,T,C
731,KMT2D,.,nonsynonymous SNV,12,49425391,49425391,G,A
732,NR4A1,rs753878433,nonsynonymous SNV,12,52448860,52448860,G,A
733,ESPL1,rs1110719,nonsynonymous SNV,12,53681883,53681883,A,T
734,ESPL1,rs56358776,nonsynonymous SNV,12,53682457,53682457,G,A
735,ESPL1,rs1056685,nonsynonymous SNV,12,53686703,53686703,G,A
736,HOXC11,rs12427129,nonsynonymous SNV,12,54367690,54367690,C,T
737,ERBB3,rs773123,nonsynonymous SNV,12,56494998,56494998,A,T
738,STAT2,rs142439434,nonsynonymous SNV,12,56744200,56744200,G,C
739,BAZ2A,.,nonsynonymous SNV,12,56992442,56992442,C,T
740,BAZ2A,.,nonsynonymous SNV,12,56993565,56993565,C,T
741,BAZ2A,.,nonsynonymous SNV,12,56995397,56995397,G,C
742,BAZ2A,.,nonsynonymous SNV,12,56995506,56995506,G,T
743,STAT6,rs866152566,nonsynonymous SNV,12,57492348,57492348,A,G
744,PTPRB,rs113791087,nonsynonymous SNV,12,70953369,70953369,T,G
745,PTPRB,rs2165627,nonsynonymous SNV,12,70983895,70983895,A,C
746,PTPRB,rs2465811,nonsynonymous SNV,12,70990054,70990054,T,C
747,PTPRB,rs2252784,nonsynonymous SNV,12,71002893,71002893,C,T
748,PTPRB,rs7298147,nonsynonymous SNV,12,71016340,71016340,C,T
749,PTPRR,rs35390084,nonsynonymous SNV,12,71078528,71078528,C,T
750,PTPRR,rs3803036,nonsynonymous SNV,12,71139664,71139664,T,C
751,E2F7,rs310791,nonsynonymous SNV,12,77449790,77449790,A,G
752,PTPRQ,rs10778752,nonsynonymous SNV,12,80889829,80889829,T,A
753,PTPRQ,rs11114486,nonsynonymous SNV,12,80899901,80899901,C,A
754,PTPRQ,rs7965277,nonsynonymous SNV,12,80900348,80900348,T,G
755,PTPRQ,rs6539524,nonsynonymous SNV,12,80935345,80935345,T,C
756,ISCU,rs2287555,nonsynonymous SNV,12,108956433,108956433,C,T
757,TAOK3,rs428073,nonsynonymous SNV,12,118682751,118682751,C,T
758,HNF1A,rs1169288,nonsynonymous SNV,12,121416650,121416650,A,C
759,HNF1A,rs2464196,nonsynonymous SNV,12,121435427,121435427,G,A
760,HNF1A,rs1169305,nonsynonymous SNV,12,121437382,121437382,A,G
761,SETD1B,.,nonsynonymous SNV,12,122242768,122242768,A,G
762,SETD1B,.,nonsynonymous SNV,12,122257501,122257501,G,A
763,SETD1B,rs749126935,nonsynonymous SNV,12,122261242,122261242,T,C
764,CLIP1,rs1129167,nonsynonymous SNV,12,122812503,122812503,G,C
765,CLIP1,rs17883517,nonsynonymous SNV,12,122817580,122817580,A,G
766,CLIP1,rs139756199,nonsynonymous SNV,12,122825674,122825674,C,T
767,NCOR2,rs7978237,nonsynonymous SNV,12,124857033,124857033,C,T
768,POLE,rs146711942,nonsynonymous SNV,12,133220467,133220467,C,T
769,POLE,rs5744934,nonsynonymous SNV,12,133220526,133220526,T,C
770,TPTE2,rs2497218,nonsynonymous SNV,13,20000630,20000630,T,C
771,TPTE2,.,nonsynonymous SNV,13,20024437,20024437,T,C
772,TPTE2,rs76437836,nonsynonymous SNV,13,20067011,20067011,A,C
773,LATS2,rs2770928,nonsynonymous SNV,13,21562832,21562832,C,T
774,LATS2,rs558614,nonsynonymous SNV,13,21562948,21562948,G,A
775,PARP4,rs7571,nonsynonymous SNV,13,25000617,25000617,C,G
776,PARP4,rs1372085,nonsynonymous SNV,13,25008588,25008588,A,G
777,PARP4,rs1822135,nonsynonymous SNV,13,25008630,25008630,A,G
778,PARP4,rs9318536,nonsynonymous SNV,13,25008903,25008903,G,T
779,PARP4,rs9511259,nonsynonymous SNV,13,25009099,25009099,A,C
780,PARP4,rs1050112,nonsynonymous SNV,13,25009297,25009297,G,T
781,PARP4,rs13428,nonsynonymous SNV,13,25009441,25009441,C,G
782,PARP4,rs1050110,nonsynonymous SNV,13,25009485,25009485,C,G
783,PARP4,rs113301501,nonsynonymous SNV,13,25016762,25016762,G,A
784,PARP4,rs9318554,nonsynonymous SNV,13,25020863,25020863,G,A
785,PARP4,rs9318558,nonsynonymous SNV,13,25021200,25021200,A,C
786,PARP4,rs7334587,nonsynonymous SNV,13,25021245,25021245,A,G
787,PARP4,rs77269056,nonsynonymous SNV,13,25021263,25021263,T,C
788,PARP4,rs73172125,nonsynonymous SNV,13,25021323,25021323,A,G
789,PARP4,rs9581043,nonsynonymous SNV,13,25023936,25023936,C,T
790,PARP4,rs4770684,nonsynonymous SNV,13,25027744,25027744,A,G
791,PARP4,rs2275660,nonsynonymous SNV,13,25029218,25029218,C,T
792,PARP4,rs7140044,nonsynonymous SNV,13,25029295,25029295,C,T
793,PARP4,rs79107024,nonsynonymous SNV,13,25052393,25052393,G,T
794,CDX2,rs1805107,nonsynonymous SNV,13,28537317,28537317,G,A
795,FLT3,.,nonsynonymous SNV,13,28622433,28622433,T,C
796,FLT3,rs35602083,nonsynonymous SNV,13,28623587,28623587,C,T
797,FLT3,rs1933437,nonsynonymous SNV,13,28624294,28624294,G,A
798,BRCA2,rs4987117,nonsynonymous SNV,13,32914236,32914236,C,T
799,BRCA2,rs169547,nonsynonymous SNV,13,32929387,32929387,T,C
800,PDS5B,.,nonsynonymous SNV,13,33344887,33344887,C,A
801,ELF1,rs1056820,nonsynonymous SNV,13,41515286,41515286,T,A
802,ELF1,rs7799,nonsynonymous SNV,13,41533052,41533052,T,C
803,ESD,rs9778,nonsynonymous SNV,13,47354101,47354101,C,T
804,HTR2A,.,nonsynonymous SNV,13,47409182,47409182,G,T
805,HTR2A,rs6312,nonsynonymous SNV,13,47470824,47470824,C,T
806,SETDB2;SETDB2-PHF11,rs7998427,nonsynonymous SNV,13,50050620,50050620,A,G
807,SETDB2;SETDB2-PHF11,rs2057413,nonsynonymous SNV,13,50057097,50057097,G,A
808,DIAPH3,rs775933641,nonsynonymous SNV,13,60545138,60545138,G,A
809,DIS3,rs7332388,nonsynonymous SNV,13,73349359,73349359,G,C
810,LMO7,rs4884021,nonsynonymous SNV,13,76397731,76397731,G,A
811,LMO7,rs7986131,nonsynonymous SNV,13,76423248,76423248,T,C
812,SPRY2,rs752200065,nonsynonymous SNV,13,80910939,80910939,C,T
813,SPRY2,rs504122,nonsynonymous SNV,13,80911525,80911525,G,A
814,GPC5,rs553717,nonsynonymous SNV,13,92345579,92345579,C,T
815,BIVM-ERCC5;ERCC5,rs9514066,nonsynonymous SNV,13,103527849,103527849,G,C
816,BIVM-ERCC5;ERCC5,rs9514067,nonsynonymous SNV,13,103527930,103527930,G,C
817,IRS2,rs1805097,nonsynonymous SNV,13,110435231,110435231,C,T
818,ING1,rs7338333,nonsynonymous SNV,13,111368164,111368164,T,G
819,BCL2L2;BCL2L2-PABPN1,rs910332,nonsynonymous SNV,14,23777374,23777374,A,G
820,MYH7,.,nonsynonymous SNV,14,23886093,23886093,G,A
821,RIPK3,rs34106261,nonsynonymous SNV,14,24806902,24806902,G,A
822,NFATC4,rs7149586,nonsynonymous SNV,14,24845841,24845841,T,C
823,BAZ1A,rs45620534,nonsynonymous SNV,14,35230980,35230980,C,T
824,BAZ1A,rs1044140,nonsynonymous SNV,14,35231108,35231108,A,T
825,PAX9,rs752908209,nonsynonymous SNV,14,37132411,37132411,G,A
826,PAX9,rs4904210,nonsynonymous SNV,14,37135753,37135753,G,C
827,PAX9,rs773825763,nonsynonymous SNV,14,37145505,37145505,G,A
828,FOXA1,rs33984772,nonsynonymous SNV,14,38060646,38060646,C,T
829,FOXA1,rs7144658,nonsynonymous SNV,14,38061742,38061742,C,T
830,TTC6,rs34543736,nonsynonymous SNV,14,38194107,38194107,A,G
831,TTC6,rs12896790,nonsynonymous SNV,14,38273922,38273922,T,G
832,TTC6,rs17768654,nonsynonymous SNV,14,38273954,38273954,G,A
833,TTC6,rs4901284,nonsynonymous SNV,14,38277999,38277999,C,T
834,SSTR1,.,nonsynonymous SNV,14,38679450,38679450,C,T
835,FANCM,rs10138997,nonsynonymous SNV,14,45606287,45606287,C,T
836,FANCM,rs1367580,nonsynonymous SNV,14,45644589,45644589,G,T
837,FANCM,rs78211950,nonsynonymous SNV,14,45650900,45650900,A,G
838,FANCM,rs3736772,nonsynonymous SNV,14,45665468,45665468,C,G
839,SOS2,.,nonsynonymous SNV,14,50585523,50585523,G,A
840,MAP4K5,.,nonsynonymous SNV,14,50941829,50941829,C,T
841,MLH3,rs175080,nonsynonymous SNV,14,75513828,75513828,G,A
842,MLH3,rs175081,nonsynonymous SNV,14,75513883,75513883,T,C
843,NEK9,rs10146482,nonsynonymous SNV,14,75574087,75574087,C,T
844,FOS,rs200077622,nonsynonymous SNV,14,75747666,75747666,C,G
845,TSHR,rs1991517,nonsynonymous SNV,14,81610583,81610583,G,C
846,PTPN21,rs2274736,nonsynonymous SNV,14,88938652,88938652,A,G
847,PTPN21,rs2401751,nonsynonymous SNV,14,88946622,88946622,G,A
848,FOXN3,.,nonsynonymous SNV,14,89628862,89628862,C,T
849,TCL1B,rs1064017,nonsynonymous SNV,14,96157187,96157187,G,A
850,HSP90AA1,rs8005905,nonsynonymous SNV,14,102568367,102568367,T,A
851,TRAF3,rs1131877,nonsynonymous SNV,14,103342049,103342049,T,C
852,AKT1,.,nonsynonymous SNV,14,105239892,105239892,C,T
853,NUTM1,rs374230,nonsynonymous SNV,15,34640218,34640218,C,T
854,NUTM1,rs57115249,nonsynonymous SNV,15,34648935,34648935,G,T
855,NUTM1,rs2279685,nonsynonymous SNV,15,34649631,34649631,G,A
856,BUB1B,rs1801376,nonsynonymous SNV,15,40477831,40477831,G,A
857,BUB1B-PAK6;PAK6,rs576083093,nonsynonymous SNV,15,40558166,40558166,C,T
858,LTK,rs2305030,nonsynonymous SNV,15,41805237,41805237,C,T
859,LTK,rs763409325,nonsynonymous SNV,15,41805274,41805274,G,A
860,TYRO3,rs62001448,nonsynonymous SNV,15,41865525,41865525,G,T
861,MGA,rs2178004,nonsynonymous SNV,15,41991315,41991315,A,T
862,MGA,rs17677991,nonsynonymous SNV,15,42032383,42032383,C,G
863,TP53BP1,rs2602141,nonsynonymous SNV,15,43724646,43724646,T,G
864,TP53BP1,rs560191,nonsynonymous SNV,15,43767774,43767774,G,C
865,TRIM69,rs2470911,nonsynonymous SNV,15,45047134,45047134,G,A
866,FBN1,rs756227025,nonsynonymous SNV,15,48757812,48757812,C,T
867,FBN1,.,nonsynonymous SNV,15,48779544,48779544,C,T
868,FBN1,rs4775765,nonsynonymous SNV,15,48807637,48807637,C,T
869,PML,rs743580,nonsynonymous SNV,15,74328116,74328116,A,G
870,PML,rs743582,nonsynonymous SNV,15,74328206,74328206,G,C
871,ARNT2,rs4072568,nonsynonymous SNV,15,80884025,80884025,G,A
872,MFGE8,rs1878326,nonsynonymous SNV,15,89450587,89450587,G,T
873,IQGAP1,.,nonsynonymous SNV,15,91034569,91034569,C,T
874,CHD2,.,nonsynonymous SNV,15,93540315,93540315,G,A
875,IGF1R,rs148823172,nonsynonymous SNV,15,99434635,99434635,C,T
876,IGF1R,.,nonsynonymous SNV,15,99482497,99482497,G,A
877,JMJD8,rs569382446,nonsynonymous SNV,16,733721,733721,G,A
878,TSC2,.,nonsynonymous SNV,16,2105425,2105425,G,C
879,TSC2,rs373818076,nonsynonymous SNV,16,2107145,2107145,G,A
880,MLST8,.,nonsynonymous SNV,16,2256609,2256609,G,A
881,CREBBP,rs754342482,nonsynonymous SNV,16,3830862,3830862,C,T
882,CIITA,rs8046121,nonsynonymous SNV,16,10995933,10995933,A,G
883,CIITA,rs4774,nonsynonymous SNV,16,11000848,11000848,G,C
884,CIITA,rs7197779,nonsynonymous SNV,16,11002927,11002927,A,G
885,TNFRSF17,rs373496,nonsynonymous SNV,16,12060163,12060163,A,G
886,ERCC4,rs1800067,nonsynonymous SNV,16,14029033,14029033,G,A
887,MYH11,rs16967510,nonsynonymous SNV,16,15818842,15818842,A,G
888,ABCC1,.,nonsynonymous SNV,16,16101847,16101847,A,G
889,PALB2,rs45551636,nonsynonymous SNV,16,23634293,23634293,C,T
890,PALB2,rs45532440,nonsynonymous SNV,16,23641461,23641461,C,G
891,PALB2,rs152451,nonsynonymous SNV,16,23646191,23646191,T,C
892,IL4R,rs1805010,nonsynonymous SNV,16,27356203,27356203,A,G
893,SULT1A1,rs1801030,nonsynonymous SNV,16,28617485,28617485,C,T
894,RNF40,rs7195142,nonsynonymous SNV,16,30779716,30779716,A,G
895,ZNF668,rs2032917,nonsynonymous SNV,16,31075708,31075708,C,G
896,KAT8,rs769565083,nonsynonymous SNV,16,31142149,31142149,G,A
897,NOD2,rs104895479,nonsynonymous SNV,16,50745581,50745581,C,T
898,CYLD,.,nonsynonymous SNV,16,50813666,50813666,T,C
899,CHD9,.,nonsynonymous SNV,16,53243678,53243678,C,A
900,CHD9,rs6499548,nonsynonymous SNV,16,53341748,53341748,T,G
901,CES1,rs202001817,nonsynonymous SNV,16,55853481,55853481,G,A
902,CES1,rs115629050,nonsynonymous SNV,16,55853545,55853545,C,A
903,CES1,rs2307227,nonsynonymous SNV,16,55855361,55855361,G,T
904,CES1,rs2307240,nonsynonymous SNV,16,55862712,55862712,C,T
905,SETD6,.,nonsynonymous SNV,16,58550528,58550528,G,A
906,GOT2,rs30842,nonsynonymous SNV,16,58743454,58743454,A,C
907,CDH11,rs35213,nonsynonymous SNV,16,65016087,65016087,A,C
908,CDH11,rs35195,nonsynonymous SNV,16,65025718,65025718,G,A
909,CES2,.,nonsynonymous SNV,16,66971952,66971952,C,T
910,PHLPP2,.,nonsynonymous SNV,16,71683236,71683236,T,C
911,ZFHX3,rs4788682,nonsynonymous SNV,16,72991715,72991715,A,G
912,PLCG2,.,nonsynonymous SNV,16,81972422,81972422,A,G
913,CBFA2T3,rs61734177,nonsynonymous SNV,16,88964557,88964557,C,G
914,CDK10,.,nonsynonymous SNV,16,89762029,89762029,T,G
915,FANCA,rs7195066,nonsynonymous SNV,16,89836323,89836323,C,T
916,FANCA,rs2239359,nonsynonymous SNV,16,89849480,89849480,C,T
917,FANCA,rs7190823,nonsynonymous SNV,16,89866043,89866043,T,C
918,FANCA,rs1800282,nonsynonymous SNV,16,89883007,89883007,A,T
919,MC1R,rs1805008,nonsynonymous SNV,16,89986144,89986144,C,T
920,MC1R,rs885479,nonsynonymous SNV,16,89986154,89986154,G,A
921,PRDM7,rs12925933,nonsynonymous SNV,16,90141355,90141355,A,C
922,CRK,.,nonsynonymous SNV,17,1359379,1359379,A,T
923,SMYD4,rs9902398,nonsynonymous SNV,17,1686410,1686410,T,C
924,SMYD4,rs3809875,nonsynonymous SNV,17,1703543,1703543,G,C
925,SMYD4,rs9913923,nonsynonymous SNV,17,1703982,1703982,C,T
926,SMYD4,rs7224496,nonsynonymous SNV,17,1704296,1704296,C,A
927,RPA1,.,nonsynonymous SNV,17,1782342,1782342,T,A
928,MINK1,.,nonsynonymous SNV,17,4736904,4736904,G,T
929,MINK1,.,nonsynonymous SNV,17,4789875,4789875,G,C
930,MINK1,.,nonsynonymous SNV,17,4792996,4792996,C,T
931,MINK1,rs11556634,nonsynonymous SNV,17,4796274,4796274,T,C
932,MINK1,rs11556635,nonsynonymous SNV,17,4796286,4796286,C,T
933,MINK1,rs2302319,nonsynonymous SNV,17,4797305,4797305,G,A
934,RABEP1,.,nonsynonymous SNV,17,5264525,5264525,G,A
935,NLRP1,rs11651270,nonsynonymous SNV,17,5425077,5425077,T,C
936,NLRP1,rs12150220,nonsynonymous SNV,17,5485367,5485367,A,T
937,TNK1,rs6503018,nonsynonymous SNV,17,7292107,7292107,G,A
938,TP53,rs1042522,nonsynonymous SNV,17,7579472,7579472,G,C
939,KDM6B,rs775753332,nonsynonymous SNV,17,7750532,7750532,G,C
940,KDM6B,rs550441011,nonsynonymous SNV,17,7752292,7752292,A,C
941,CHD3,rs931543,nonsynonymous SNV,17,7792326,7792326,C,T
942,CHD3,rs757433731,nonsynonymous SNV,17,7796723,7796723,C,T
943,ALOX12B,.,nonsynonymous SNV,17,7983621,7983621,C,T
944,AURKB,rs1059476,nonsynonymous SNV,17,8108331,8108331,A,G
945,NCOR1,rs150910818,nonsynonymous SNV,17,16068396,16068396,G,A
946,NCOR1,rs74453660,nonsynonymous SNV,17,16068463,16068463,C,T
947,MAP2K3,rs33911218,nonsynonymous SNV,17,21202191,21202191,C,A
948,MAP2K3,rs36047035,nonsynonymous SNV,17,21202237,21202237,G,C
949,MAP2K3,rs34105301,nonsynonymous SNV,17,21203893,21203893,T,C
950,MAP2K3,rs74575904,nonsynonymous SNV,17,21207813,21207813,T,G
951,MAP2K3,rs58609466,nonsynonymous SNV,17,21207834,21207834,C,T
952,MAP2K3,rs35206134,nonsynonymous SNV,17,21215557,21215557,G,A
953,MAP2K3,rs2363198,nonsynonymous SNV,17,21217513,21217513,G,A
954,NEK8,rs762967348,nonsynonymous SNV,17,27064746,27064746,G,T
955,RAD51D,.,nonsynonymous SNV,17,33427988,33427988,T,C
956,MLLT6,rs17855918,nonsynonymous SNV,17,36861983,36861983,T,C
957,CDK12,.,nonsynonymous SNV,17,37681106,37681106,G,A
958,STARD3,rs1877031,nonsynonymous SNV,17,37814080,37814080,G,A
959,STARD3,.,nonsynonymous SNV,17,37814673,37814673,G,A
960,ERBB2,rs1058808,nonsynonymous SNV,17,37884037,37884037,C,G
961,GRB7,rs2952142,nonsynonymous SNV,17,37898543,37898543,T,C
962,RARA,.,nonsynonymous SNV,17,38504606,38504606,C,T
963,KAT2A,rs868974836,nonsynonymous SNV,17,40266956,40266956,C,T
964,STAT5B,.,nonsynonymous SNV,17,40376849,40376849,C,T
965,ETV4,.,nonsynonymous SNV,17,41606981,41606981,G,A
966,HDAC5,rs228757,nonsynonymous SNV,17,42164885,42164885,G,C
967,HDAC5,.,nonsynonymous SNV,17,42169553,42169553,T,A
968,WNT9B,rs4968281,nonsynonymous SNV,17,44950122,44950122,T,C
969,HOXB3,rs2229304,nonsynonymous SNV,17,46629593,46629593,G,T
970,RNF43,rs9652855,nonsynonymous SNV,17,56435080,56435080,G,C
971,RNF43,rs2257205,nonsynonymous SNV,17,56448297,56448297,C,T
972,RNF43,rs3744093,nonsynonymous SNV,17,56492800,56492800,T,C
973,ACE,.,nonsynonymous SNV,17,61562678,61562678,C,T
974,CD79B,.,nonsynonymous SNV,17,62007464,62007464,G,T
975,AXIN2,rs2240308,nonsynonymous SNV,17,63554591,63554591,G,A
976,PRKAR1A,.,nonsynonymous SNV,17,66521916,66521916,G,A
977,SOX9,.,nonsynonymous SNV,17,70119722,70119722,A,C
978,FAM104A,rs8387,nonsynonymous SNV,17,71205854,71205854,A,G
979,TMC6,rs34712518,nonsynonymous SNV,17,76121031,76121031,C,T
980,TMC6,rs2748427,nonsynonymous SNV,17,76121864,76121864,A,G
981,TMC8,rs7208422,nonsynonymous SNV,17,76130575,76130575,A,T
982,BIRC5,rs2071214,nonsynonymous SNV,17,76219591,76219591,G,A
983,RNF213,rs6565674,nonsynonymous SNV,17,78298938,78298938,A,G
984,RNF213,rs8082521,nonsynonymous SNV,17,78302157,78302157,C,A
985,RNF213,rs10782008,nonsynonymous SNV,17,78305871,78305871,G,A
986,RNF213,rs9913636,nonsynonymous SNV,17,78306102,78306102,G,C
987,RNF213,rs8074015,nonsynonymous SNV,17,78306280,78306280,A,G
988,RNF213,rs9674961,nonsynonymous SNV,17,78319136,78319136,G,A
989,RNF213,rs62077764,nonsynonymous SNV,17,78346870,78346870,C,A
990,RNF213,rs61745599,nonsynonymous SNV,17,78355494,78355494,C,G
991,RNF213,rs8072774,nonsynonymous SNV,17,78363054,78363054,G,A
992,AATK,.,nonsynonymous SNV,17,79094521,79094521,C,T
993,AATK,rs7503604,nonsynonymous SNV,17,79095629,79095629,C,A
994,ASPSCR1,rs8074498,nonsynonymous SNV,17,79954544,79954544,T,A
995,THOC1,.,nonsynonymous SNV,18,224148,224148,G,A
996,SMCHD1,rs2276092,nonsynonymous SNV,18,2707619,2707619,G,A
997,SMCHD1,.,nonsynonymous SNV,18,2722567,2722567,G,A
998,PTPRM,.,nonsynonymous SNV,18,7949194,7949194,G,A
999,PTPN2,.,nonsynonymous SNV,18,12814222,12814222,T,C
1000,ESCO1,rs35087820,nonsynonymous SNV,18,19154233,19154233,T,C
1001,SS18,.,nonsynonymous SNV,18,23612411,23612411,C,A
1002,SS18,.,nonsynonymous SNV,18,23632675,23632675,G,A
1003,DSG2,rs191143292,nonsynonymous SNV,18,29101156,29101156,T,G
1004,ASXL3,rs2282632,nonsynonymous SNV,18,31320229,31320229,A,G
1005,ASXL3,rs7232237,nonsynonymous SNV,18,31324934,31324934,A,G
1006,MBD1,.,nonsynonymous SNV,18,47803076,47803076,C,T
1007,MAPK4,rs3752087,nonsynonymous SNV,18,48190440,48190440,G,A
1008,DCC,rs9951523,nonsynonymous SNV,18,49867224,49867224,T,C
1009,DCC,.,nonsynonymous SNV,18,50278514,50278514,G,A
1010,DCC,rs2229080,nonsynonymous SNV,18,50432602,50432602,C,G
1011,TCF4,rs611326,nonsynonymous SNV,18,53303101,53303101,C,G
1012,CDH7,rs2291343,nonsynonymous SNV,18,63530016,63530016,A,G
1013,SHC2,rs189741717,nonsynonymous SNV,19,460668,460668,C,G
1014,FGF22,.,nonsynonymous SNV,19,643540,643540,G,A
1015,ELANE,rs563563792,nonsynonymous SNV,19,855779,855779,G,T
1016,STK11,.,nonsynonymous SNV,19,1207121,1207121,A,T
1017,STK11,.,nonsynonymous SNV,19,1218484,1218484,A,T
1018,TCF3,.,nonsynonymous SNV,19,1615360,1615360,G,T
1019,GNA11,.,nonsynonymous SNV,19,3118943,3118943,G,T
1020,FZR1,.,nonsynonymous SNV,19,3532034,3532034,T,G
1021,KDM4B,rs2620836,nonsynonymous SNV,19,5135392,5135392,A,G
1022,VAV1,rs36097961,nonsynonymous SNV,19,6850767,6850767,C,T
1023,KEAP1,rs202181679,nonsynonymous SNV,19,10610439,10610439,C,T
1024,CARM1,.,nonsynonymous SNV,19,11030317,11030317,C,T
1025,LDLR,.,nonsynonymous SNV,19,11227646,11227646,C,T
1026,MAST1,.,nonsynonymous SNV,19,12969494,12969494,G,A
1027,NOTCH3,rs1044009,nonsynonymous SNV,19,15271771,15271771,G,A
1028,BRD4,.,nonsynonymous SNV,19,15375351,15375351,C,T
1029,CYP4F2,rs3952537,nonsynonymous SNV,19,15989696,15989696,G,C
1030,CYP4F2,rs4020346,nonsynonymous SNV,19,15989730,15989730,T,C
1031,CYP4F2,rs2108622,nonsynonymous SNV,19,15990431,15990431,C,T
1032,CYP4F2,rs3093105,nonsynonymous SNV,19,16008388,16008388,A,C
1033,PIK3R2,rs1011320,nonsynonymous SNV,19,18273047,18273047,T,C
1034,CRTC1,rs3746266,nonsynonymous SNV,19,18876309,18876309,A,G
1035,MAU2,.,nonsynonymous SNV,19,19459986,19459986,G,A
1036,TSHZ3,rs768899742,nonsynonymous SNV,19,31770542,31770542,C,T
1037,KMT2B,.,nonsynonymous SNV,19,36210932,36210932,C,T
1038,KMT2B,.,nonsynonymous SNV,19,36211925,36211925,T,G
1039,KMT2B,rs231591,nonsynonymous SNV,19,36224705,36224705,A,G
1040,NFKBID,rs8113704,nonsynonymous SNV,19,36387881,36387881,A,G
1041,ZNF607,rs958305,nonsynonymous SNV,19,38189440,38189440,T,C
1042,ZNF607,rs2909097,nonsynonymous SNV,19,38202516,38202516,A,C
1043,RYR1,.,nonsynonymous SNV,19,38976723,38976723,A,G
1044,ECH1,rs9419,nonsynonymous SNV,19,39322087,39322087,T,G
1045,MAP3K10,.,nonsynonymous SNV,19,40720919,40720919,A,C
1046,CYP2A6,rs1809810,nonsynonymous SNV,19,41350664,41350664,A,T
1047,CYP2B6,rs8192709,nonsynonymous SNV,19,41497274,41497274,C,T
1048,CYP2B6,rs375508968,nonsynonymous SNV,19,41510300,41510300,C,T
1049,CYP2B6,rs3211371,nonsynonymous SNV,19,41522715,41522715,C,T
1050,AXL,rs7249222,nonsynonymous SNV,19,41743861,41743861,A,G
1051,POU2F2,.,nonsynonymous SNV,19,42599942,42599942,G,A
1052,FOSB,.,nonsynonymous SNV,19,45974167,45974167,G,A
1053,BAX,.,nonsynonymous SNV,19,49458844,49458844,T,C
1054,TEAD2,rs779443454,nonsynonymous SNV,19,49845799,49845799,G,A
1055,TEAD2,.,nonsynonymous SNV,19,49863241,49863241,T,C
1056,POLD1,rs145473716,nonsynonymous SNV,19,50917023,50917023,G,A
1057,SPIB,rs1673030,nonsynonymous SNV,19,50926264,50926264,T,C
1058,ZNF471,rs11667052,nonsynonymous SNV,19,57036012,57036012,G,T
1059,ZNF471,rs3752176,nonsynonymous SNV,19,57036653,57036653,G,A
1060,ZNF471,rs16987303,nonsynonymous SNV,19,57037103,57037103,C,G
1061,PEG3,rs34051133,nonsynonymous SNV,19,57325083,57325083,C,T
1062,TRIB3,rs2295490,nonsynonymous SNV,20,368905,368905,A,G
1063,PAK5,rs2297345,nonsynonymous SNV,20,9543622,9543622,C,T
1064,PAK5,.,nonsynonymous SNV,20,9546898,9546898,G,T
1065,PAK5,rs11700112,nonsynonymous SNV,20,9547018,9547018,C,G
1066,RRBP1,rs11960,nonsynonymous SNV,20,17600357,17600357,G,A
1067,FOXA2,.,nonsynonymous SNV,20,22562787,22562787,G,A
1068,SSTR4,rs3746726,nonsynonymous SNV,20,23016970,23016970,T,G
1069,SSTR4,rs2567608,nonsynonymous SNV,20,23017082,23017082,T,C
1070,ASXL1,rs6058694,nonsynonymous SNV,20,31022959,31022959,T,C
1071,DNMT3B,.,nonsynonymous SNV,20,31376672,31376672,T,G
1072,DNMT3B,.,nonsynonymous SNV,20,31395624,31395624,G,A
1073,PLCG1,rs2228246,nonsynonymous SNV,20,39792063,39792063,A,G
1074,PLCG1,rs753381,nonsynonymous SNV,20,39797465,39797465,T,C
1075,PLCG1,.,nonsynonymous SNV,20,39800866,39800866,A,G
1076,STK4,rs17420378,nonsynonymous SNV,20,43629135,43629135,G,A
1077,NCOA3,rs2230782,nonsynonymous SNV,20,46264888,46264888,G,C
1078,AURKA,rs1047972,nonsynonymous SNV,20,54961463,54961463,T,C
1079,AURKA,rs2273535,nonsynonymous SNV,20,54961541,54961541,A,T
1080,GNAS,.,nonsynonymous SNV,20,57428974,57428974,T,C
1081,GNAS,rs776846313,nonsynonymous SNV,20,57429663,57429663,A,C
1082,PTK6,rs565530751,nonsynonymous SNV,20,62165573,62165573,C,T
1083,ARFRP1,.,nonsynonymous SNV,20,62338071,62338071,T,G
1084,TPTE,rs9996,nonsynonymous SNV,21,10910311,10910311,T,G
1085,TPTE,rs150482,nonsynonymous SNV,21,10910347,10910347,A,G
1086,TPTE,rs76723236,nonsynonymous SNV,21,10942923,10942923,G,A
1087,NRIP1,rs61750207,nonsynonymous SNV,21,16337111,16337111,G,A
1088,NRIP1,.,nonsynonymous SNV,21,16340284,16340284,C,T
1089,IL10RB,rs2834167,nonsynonymous SNV,21,34640788,34640788,A,G
1090,BRWD1,rs1041439,nonsynonymous SNV,21,40571246,40571246,A,G
1091,BRWD1,rs2183573,nonsynonymous SNV,21,40574305,40574305,A,G
1092,BRWD1,rs2056844,nonsynonymous SNV,21,40670460,40670460,G,C
1093,TMPRSS2,rs75603675,nonsynonymous SNV,21,42879909,42879909,C,A
1094,RIPK4,rs3746891,nonsynonymous SNV,21,43161357,43161357,T,C
1095,RIPK4,rs6586239,nonsynonymous SNV,21,43187167,43187167,G,C
1096,PRDM15,rs3850706,nonsynonymous SNV,21,43221483,43221483,A,G
1097,PRDM15,rs62621406,nonsynonymous SNV,21,43281767,43281767,C,A
1098,ICOSLG;LOC102723996,rs11558819,nonsynonymous SNV,21,45656774,45656774,C,T
1099,DNMT3L,rs7354779,nonsynonymous SNV,21,45670770,45670770,T,C
1100,SLC19A1,rs1051266,nonsynonymous SNV,21,46957794,46957794,T,C
1101,IL17RA,.,nonsynonymous SNV,22,17589750,17589750,G,A
1102,IL17RA,rs41323645,nonsynonymous SNV,22,17590180,17590180,G,A
1103,IL17RA,.,nonsynonymous SNV,22,17590214,17590214,C,A
1104,CECR2,rs138101258,nonsynonymous SNV,22,18003181,18003181,G,A
1105,CECR2,rs757433754,nonsynonymous SNV,22,18022557,18022557,C,G
1106,COMT,rs4680,nonsynonymous SNV,22,19951271,19951271,G,A
1107,BCR,rs140504,nonsynonymous SNV,22,23627369,23627369,A,G
1108,MN1,rs201422000,nonsynonymous SNV,22,28196290,28196290,C,G
1109,XBP1,rs5762809,nonsynonymous SNV,22,29196494,29196494,C,T
1110,ZNRF3,.,nonsynonymous SNV,22,29446651,29446651,C,T
1111,PATZ1,.,nonsynonymous SNV,22,31740987,31740987,C,G
1112,MYH9,.,nonsynonymous SNV,22,36684408,36684408,C,T
1113,IL2RB,rs228942,nonsynonymous SNV,22,37524619,37524619,G,T
1114,SSTR3,.,nonsynonymous SNV,22,37602920,37602920,G,A
1115,ATF4,rs4894,nonsynonymous SNV,22,39917515,39917515,A,C
1116,MRTFA,rs878756,nonsynonymous SNV,22,40814500,40814500,T,C
1117,EP300,.,nonsynonymous SNV,22,41556661,41556661,G,T
1118,SMC1B,rs61735519,nonsynonymous SNV,22,45749966,45749966,G,C
1119,SMC1B,rs136603,nonsynonymous SNV,22,45789642,45789642,A,C
1120,BRD1,.,nonsynonymous SNV,22,50217215,50217215,T,G
1121,PIM3,rs4077129,nonsynonymous SNV,22,50356693,50356693,T,C
1122,CRLF2,rs151218732,nonsynonymous SNV,X,1314931,1314931,C,T
1123,IL3RA,rs17883366,nonsynonymous SNV,X,1497644,1497644,G,C
1124,TBL1X,.,nonsynonymous SNV,X,9656256,9656256,A,T
1125,TLR7,.,nonsynonymous SNV,X,12906707,12906707,A,G
1126,MAP3K15,rs5909299,nonsynonymous SNV,X,19482476,19482476,C,T
1127,ELK1,rs752325820,nonsynonymous SNV,X,47498674,47498674,C,T
1128,SUV39H1,.,nonsynonymous SNV,X,48558732,48558732,G,A
1129,SUV39H1,.,nonsynonymous SNV,X,48558897,48558897,G,A
1130,TFE3,.,nonsynonymous SNV,X,48887808,48887808,T,C
1131,MAGED1,.,nonsynonymous SNV,X,51639583,51639583,G,A
1132,KDM5C,rs781841978,nonsynonymous SNV,X,53223820,53223820,G,A
1133,SMC1A,rs782788649,nonsynonymous SNV,X,53441953,53441953,C,T
1134,SMC1A,.,nonsynonymous SNV,X,53448854,53448854,A,G
1135,SMC1A,.,nonsynonymous SNV,X,53448859,53448859,T,G
1136,WNK3,rs149043219,nonsynonymous SNV,X,54263498,54263498,C,T
1137,AMER1,rs142654101,nonsynonymous SNV,X,63411294,63411294,T,C
1138,EDA2R,rs1385699,nonsynonymous SNV,X,65824986,65824986,C,T
1139,ZMYM3,rs753239799,nonsynonymous SNV,X,70466326,70466326,T,G
1140,ZMYM3,.,nonsynonymous SNV,X,70468137,70468137,C,T
1141,ATRX,rs781810958,nonsynonymous SNV,X,76918967,76918967,G,A
1142,TBX22,.,nonsynonymous SNV,X,79277884,79277884,A,G
1143,TBX22,rs34244923,nonsynonymous SNV,X,79281202,79281202,G,A
1144,BRWD3,rs3122407,nonsynonymous SNV,X,79943569,79943569,T,C
1145,XIAP,rs5956583,nonsynonymous SNV,X,123034511,123034511,A,C
1146,BCORL1,rs4830173,nonsynonymous SNV,X,129147079,129147079,T,C
1147,BCORL1,rs867679539,nonsynonymous SNV,X,129147859,129147859,A,C
1148,BCORL1,.,nonsynonymous SNV,X,129185853,129185853,C,T
1149,RBMX,rs72615484,nonsynonymous SNV,X,135956342,135956342,C,G
1150,RBMX,rs76812369,nonsynonymous SNV,X,135960119,135960119,C,T
1151,RBMX,rs199717308,nonsynonymous SNV,X,135960230,135960230,C,T
1152,IRAK1,rs1059703,nonsynonymous SNV,X,153278829,153278829,G,A
1153,IRAK1,rs782181738,nonsynonymous SNV,X,153283470,153283470,C,T
1154,IRAK1,rs1059702,nonsynonymous SNV,X,153284192,153284192,A,G
1155,SPRY3,.,nonsynonymous SNV,X,155003886,155003886,G,A
1156,IL9R,rs142104921,nonsynonymous SNV,X,155239499,155239499,G,A
