,Gene.refGene,avsnp147,Variant.ID,Variant.Call.type,Chr,Start,End.x,Ref,Alt
1,MST1,rs62262685,nssv14144925,copy number gain,3,49726028,49726028,T,C
2,MST1,rs62262685,nssv14138026,copy number gain,3,49726028,49726028,T,C
3,IRF4,rs566047868,nssv14139094,copy number gain,6,407630,407630,T,-
4,PRKDC,rs8178017,nssv14224978,copy number loss,8,48852225,48852225,C,T
5,PRKDC,rs8178017,nssv14224981,copy number gain,8,48852225,48852225,C,T
6,PRKDC,rs8178017,nssv14224980,copy number gain,8,48852225,48852225,C,T
7,PRKDC,rs8178017,nssv14224979,copy number gain,8,48852225,48852225,C,T
