,Gene.refGene,avsnp147,ExonicFunc.refGene,Chr,Start,End,Ref,Alt
1,CDK11A;CDK11B,.,nonframeshift substitution,1,1650797,1650801,ATTTT,GTTTC
2,FLG,.,nonframeshift substitution,1,152276761,152276762,TT,CA
3,FLG,.,nonframeshift substitution,1,152277822,152277826,TGACA,CGACC
4,FLG,.,nonframeshift substitution,1,152281007,152281008,AA,GG
5,FLG,.,nonframeshift substitution,1,152281907,152281911,ACCCT,GCCCC
6,CACNA1S,rs386638457,nonframeshift substitution,1,201052310,201052312,AGA,TGC
7,SMYD1,.,nonframeshift substitution,2,88396120,88396123,GCTC,ACTG
8,MLF1,.,nonframeshift substitution,3,158322978,158322982,GCAAC,AAAAA
9,PRDM9,.,nonframeshift substitution,5,23527385,23527388,AGCA,CGCG
10,FOXQ1,.,nonframeshift substitution,6,1313117,1313121,ACGCA,CCGCC
11,HLA-A,.,nonframeshift substitution,6,29910336,29910340,CGTCA,GGTCG
12,HLA-A,rs386698549,nonframeshift substitution,6,29910557,29910558,TT,AC
13,HLA-A,.,nonframeshift substitution,6,29912152,29912153,CA,AG
14,HLA-B,rs796093434,nonframeshift substitution,6,31324003,31324004,TC,GT
15,NOTCH4,rs71556915,nonframeshift substitution,6,32188640,32188642,TCT,CCC
16,ROS1,.,nonframeshift substitution,6,117622184,117622188,GACTT,CACTG
17,BCLAF1,.,nonframeshift substitution,6,136599391,136599393,CGG,TGC
18,BAG4,.,nonframeshift substitution,8,38067991,38067994,TTAG,AAAA
19,SMARCA2,.,nonframeshift substitution,9,2039803,2039811,GCAGCAGCA,ACAGCAGCC
20,PRSS3,.,nonframeshift substitution,9,33796672,33796673,TG,CA
21,OR8U1;OR8U8,.,nonframeshift substitution,11,56143696,56143699,CTTT,TTTG
22,ISCU,rs67681514,nonframeshift substitution,12,108956417,108956418,TT,GG
23,TTC6,rs34959493,nonframeshift substitution,14,38092025,38092027,GAG,CTC
24,MGA,.,nonframeshift substitution,15,42054393,42054395,CAC,AAA
25,CDH5,rs386791725,nonframeshift substitution,16,66432423,66432424,TC,CT
26,ZFHX3,.,nonframeshift substitution,16,72830446,72830449,TGGA,GGGG
27,KDM6B,.,nonframeshift substitution,17,7751013,7751016,TCCA,CCCC
28,ASXL3,.,nonframeshift substitution,18,31319980,31319985,GAACAG,AAAAAA
29,SPIB,rs113934432,nonframeshift substitution,19,50926264,50926265,TG,CC
30,IL9R,.,nonframeshift substitution,X,155239824,155239827,ACAA,GCAG
