,Gene.refGene,avsnp147,ExonicFunc.refGene,Chr,Start,End,Ref,Alt
1,PRDM2,.,nonframeshift insertion,1,14106398,14106398,-,TCC
2,PRDM2,.,frameshift insertion,1,14108559,14108559,-,A
3,PRDM2,.,frameshift insertion,1,14108748,14108748,-,A
4,JAK1,.,frameshift insertion,1,65306996,65306996,-,T
5,JAK1,.,frameshift insertion,1,65339110,65339110,-,T
6,BCL10,rs387906351,frameshift insertion,1,85736510,85736510,-,T
7,CDC14A,.,frameshift insertion,1,100889836,100889836,-,C
8,BCL9,rs782367190,frameshift insertion,1,147091500,147091500,-,C
9,SETDB1,rs587751384,frameshift insertion,1,150917623,150917623,-,G
10,FLG,rs779619110,frameshift insertion,1,152286884,152286884,-,T
11,SHC1,rs746556543,frameshift insertion,1,154938889,154938889,-,C
12,ASH1L,rs764648126,frameshift insertion,1,155307999,155307999,-,T
13,ASH1L,.,frameshift insertion,1,155450526,155450526,-,T
14,HDGF,.,frameshift insertion,1,156715103,156715103,-,A
15,PRCC,rs778683789,frameshift insertion,1,156761535,156761535,-,C
16,PIK3C2B,rs749506841,frameshift insertion,1,204438071,204438071,-,G
17,TGFB2,rs863223796,frameshift insertion,1,218609370,218609370,-,A
18,RYR2,rs749201569,frameshift insertion,1,237969493,237969493,-,T
19,SMC6,rs763686568,frameshift insertion,2,17898125,17898125,-,T
20,CEBPZ,rs773315150,frameshift insertion,2,37454907,37454907,-,T
21,EML4,.,frameshift insertion,2,42488301,42488301,-,A
22,ACVR2A,.,frameshift insertion,2,148683685,148683685,-,A
23,SGO2,rs771387868,frameshift insertion,2,201437003,201437003,-,T
24,IRS1,rs761880048,frameshift insertion,2,227661663,227661663,-,C
25,SP140,rs772287832,frameshift insertion,2,231159024,231159024,-,A
26,TRAF3IP1,rs768602332,frameshift insertion,2,239237829,239237829,-,G
27,KAT2B,rs765005938,nonframeshift insertion,3,20194017,20194017,-,T
28,SGO1,rs768888516,frameshift insertion,3,20216049,20216049,-,T
29,TGFBR2,rs756007977,frameshift insertion,3,30691871,30691871,-,A
30,ROBO2,rs778666599,frameshift insertion,3,77657037,77657037,-,C
31,ATR,rs778867790,frameshift insertion,3,142274739,142274739,-,T
32,SMC4,.,frameshift insertion,3,160137290,160137290,-,A
33,SMC4,.,frameshift insertion,3,160143939,160143939,-,A
34,PRKCI,rs756514123,frameshift insertion,3,169998127,169998127,-,A
35,NSD2,rs752037034,frameshift insertion,4,1980558,1980558,-,C
36,GRK4,rs375862689,frameshift insertion,4,3015469,3015469,-,A
37,TLR10,rs564674109,frameshift insertion,4,38774955,38774955,-,T
38,MOB1B,.,frameshift insertion,4,71844994,71844994,-,T
39,FGF5,rs34623167,nonframeshift insertion,4,81207686,81207686,-,AGC
40,NEK1,.,frameshift insertion,4,170428202,170428202,-,T
41,BRD9,rs747777302,frameshift insertion,5,889776,889776,-,A
42,CARD6,rs776964873,frameshift insertion,5,40853093,40853093,-,T
43,PLK2,.,frameshift insertion,5,57753011,57753011,-,A
44,MSH3,.,frameshift insertion,5,79970914,79970914,-,A
45,RAD50,rs397507178,frameshift insertion,5,131931451,131931451,-,A
46,RAD50,rs748536322,frameshift insertion,5,131944381,131944381,-,A
47,CDC25C,rs765464033,frameshift insertion,5,137627689,137627689,-,T
48,TRAF3IP2,.,frameshift insertion,6,111880692,111880692,-,T
49,IGF2R,rs777173791,frameshift insertion,6,160485487,160485487,-,G
50,TBP,.,nonframeshift insertion,6,170871014,170871014,-,AGC
51,PRKAR1B,rs764069617,frameshift insertion,7,720280,720280,-,G
52,PMS2,rs758048239,frameshift insertion,7,6027156,6027156,-,T
53,HOXA11,.,frameshift insertion,7,27222461,27222461,-,T
54,ABCB4,rs765735641,frameshift insertion,7,87074281,87074281,-,A
55,AKAP9,rs10644111,nonframeshift insertion,7,91652178,91652178,-,AAC
56,KMT2C,rs771193709,frameshift insertion,7,151874147,151874147,-,T
57,XRCC2,rs764640893,frameshift insertion,7,152346219,152346219,-,A
58,MCPH1,rs759663956,frameshift insertion,8,6289098,6289098,-,A
59,ESCO2,rs80359852,frameshift insertion,8,27634576,27634576,-,A
60,WRN,.,frameshift insertion,8,30915970,30915970,-,A
61,MYBL1,.,frameshift insertion,8,67488452,67488452,-,T
62,PREX2,rs774202059,frameshift insertion,8,68992720,68992720,-,T
63,UBR5,.,frameshift insertion,8,103289348,103289348,-,T
64,ATAD2,rs757023920,frameshift insertion,8,124384892,124384892,-,T
65,TAF1L,rs760628590,frameshift insertion,9,32633583,32633583,-,T
66,ZCCHC7,rs771089775,frameshift insertion,9,37357249,37357249,-,A
67,PHF2,rs769717544,frameshift insertion,9,96422611,96422611,-,A
68,PHF2,.,frameshift insertion,9,96438893,96438893,-,A
69,RXRA,rs755912201,frameshift insertion,9,137300039,137300039,-,C
70,ARID5B,.,frameshift insertion,10,63759976,63759976,-,G
71,TET1,.,frameshift insertion,10,70332152,70332152,-,A
72,TNKS2,rs780353534,frameshift insertion,10,93601945,93601945,-,A
73,HELLS,.,frameshift insertion,10,96352050,96352050,-,A
74,TCF7L2,rs769592153,frameshift insertion,10,114925316,114925316,-,A
75,KCNQ1,rs397508084,frameshift insertion,11,2609948,2609948,-,A
76,CREB3L1,.,frameshift insertion,11,46342261,46342261,-,G
77,KDM4D,.,frameshift insertion,11,94730806,94730806,-,A
78,CHEK1,rs757716680,frameshift insertion,11,125505377,125505377,-,A
79,KDM5A,rs771545848,frameshift insertion,12,416952,416952,-,T
80,WNK1,rs746484082,frameshift insertion,12,970296,970296,-,A
81,WNK1,.,frameshift insertion,12,974310,974310,-,C
82,WNK1,rs11441897,frameshift insertion,12,974355,974355,-,C
83,SLCO1B3;SLCO1B3-SLCO1B7,rs765917931,frameshift insertion,12,21028266,21028266,-,T
84,E2F7,rs771114476,frameshift insertion,12,77449826,77449826,-,T
85,ASCL1,.,nonframeshift insertion,12,103352208,103352208,-,CAG
86,HNF1A,rs751449138,frameshift insertion,12,121432117,121432117,-,C
87,SETD1B,rs777278685,frameshift insertion,12,122242657,122242657,-,C
88,NCOR2,rs143952466,nonframeshift insertion,12,124824721,124824721,-,GCCGCTGCT
89,NCOR2,.,nonframeshift insertion,12,124887095,124887095,-,CTG
90,LATS2,.,nonframeshift insertion,13,21562501,21562501,-,GGGCGG
91,BRCA2,rs397507277,frameshift insertion,13,32907420,32907420,-,A
92,BRCA2,rs397507419,frameshift insertion,13,32954022,32954022,-,A
93,PDS5B,rs768860651,frameshift insertion,13,33344579,33344579,-,A
94,PDS5B,rs767399717,frameshift insertion,13,33344887,33344887,-,A
95,DIAPH3,rs767855421,frameshift insertion,13,60582733,60582733,-,T
96,DIS3,.,frameshift insertion,13,73337683,73337683,-,T
97,BIVM-ERCC5;ERCC5,rs752661599,frameshift insertion,13,103524611,103524611,-,A
98,REC8,.,nonframeshift insertion,14,24646413,24646413,-,AAG
99,BAZ1A,.,frameshift insertion,14,35331422,35331422,-,T
100,FANCM,rs768642315,frameshift insertion,14,45645954,45645954,-,A
101,MAP4K5,rs746424357,frameshift insertion,14,50930795,50930795,-,T
102,MLH3,rs767782578,frameshift insertion,14,75514337,75514337,-,T
103,MLH3,rs751465048,frameshift insertion,14,75514603,75514603,-,T
104,PTPN21,.,frameshift insertion,14,88940112,88940112,-,T
105,IQGAP1,.,frameshift insertion,15,91019924,91019924,-,A
106,BLM,rs367543043,frameshift insertion,15,91304138,91304138,-,A
107,CHD2,.,frameshift insertion,15,93480818,93480818,-,A
108,CHD2,rs752940775,frameshift insertion,15,93540315,93540315,-,A
109,CHD2,rs779413093,frameshift insertion,15,93545433,93545433,-,A
110,GLIS2,rs746968228,frameshift insertion,16,4387132,4387132,-,G
111,MYH11,rs759015770,frameshift insertion,16,15802686,15802686,-,G
112,CDH5,rs781713547,frameshift insertion,16,66436882,66436882,-,C
113,ZFHX3,rs34918837,nonframeshift insertion,16,72831357,72831357,-,TTG
114,KDM6B,rs61462443,nonframeshift insertion,17,7750177,7750177,-,ACCACC
115,STAT5B,rs761761205,frameshift insertion,17,40370235,40370235,-,G
116,HOXB3,rs771928715,frameshift insertion,17,46629736,46629736,-,G
117,BPTF,rs753044214,frameshift insertion,17,65899950,65899950,-,A
118,BPTF,.,frameshift insertion,17,65905758,65905758,-,A
119,BPTF,.,nonframeshift insertion,17,65955777,65955777,-,CTCCAGCCC
120,CBX8,rs752404275,frameshift insertion,17,77768647,77768647,-,C
121,ASXL3,rs747712363,frameshift insertion,18,31325914,31325914,-,C
122,KMT2B,rs763183959,frameshift insertion,19,36210763,36210763,-,C
123,LMTK3,rs758225154,frameshift insertion,19,48994757,48994757,-,G
124,BAX,rs398122840,frameshift insertion,19,49458970,49458970,-,G
125,TEAD2,rs765884538,frameshift insertion,19,49850472,49850472,-,G
126,CNOT3,.,frameshift insertion,19,54649668,54649668,-,C
127,ASXL1,rs756958159,frameshift insertion,20,31022441,31022441,-,G
128,ZMYND8,rs776813452,frameshift insertion,20,45875071,45875071,-,T
129,NCOA3,.,nonframeshift insertion,20,46279861,46279861,-,AAC
130,NRIP1,.,frameshift insertion,21,16338329,16338329,-,T
131,SMC1B,rs769177547,frameshift insertion,22,45802383,45802383,-,T
132,TFE3,rs782753958,frameshift insertion,X,48887951,48887951,-,C
133,ZMYM3,rs764250600,frameshift insertion,X,70472853,70472853,-,C
134,TAF1,rs769562614,frameshift insertion,X,70602999,70602999,-,A
135,IRS4,rs780982673,frameshift insertion,X,107977802,107977802,-,C
136,ZBTB33,.,nonframeshift insertion,X,119387852,119387852,-,GAT
137,RBMX,.,frameshift insertion,X,135960147,135960147,-,AA
